run_id,track,context,fold_id,feature_name,mean_abs_shap,mean_signed_shap,rank,n_obs
P4_ridge_a1_0,policy,holdout,holdout,t_season__zomer,0.043254122978109155,-0.002626072031080446,1,30000
P4_ridge_a1_0,policy,holdout,holdout,s_parking_id__p_maarten,0.03952028272014252,-0.01071504380293122,2,30000
P4_ridge_a1_0,policy,holdout,holdout,t_hour_cos,0.036099238275897665,-0.00774577772790552,3,30000
P4_ridge_a1_0,policy,holdout,holdout,s_parking_id__p_hoogstraat,0.034629852836731076,0.002189930456562644,4,30000
P4_ridge_a1_0,policy,holdout,holdout,e_int_temp_x_season__zomer,0.03138351532157553,0.0029134296171812206,5,30000
P4_ridge_a1_0,policy,holdout,holdout,e_n_concurrent_events_capped,0.030626316050619776,-0.0005479235279121255,6,30000
P4_ridge_a1_0,policy,holdout,holdout,t_hour_sin,0.02820581442731985,0.0016415910932168908,7,30000
P4_ridge_a1_0,policy,holdout,holdout,s_parking_id__p_tinel,0.02798697057631435,-0.008414917768575851,8,30000
P4_ridge_a1_0,policy,holdout,holdout,e_int_temp_x_season__lente,0.026856235165132615,-0.001746989609091366,9,30000
P4_ridge_a1_0,policy,holdout,holdout,t_season__lente,0.02381060488918348,0.0020953071983112253,10,30000
P4_ridge_a1_0,policy,holdout,holdout,t_is_school_vacation,0.021991580353030095,-0.0029387778149997314,11,30000
P4_ridge_a1_0,policy,holdout,holdout,t_month_sin,0.020401342700904223,-0.0025756235389212,12,30000
P4_ridge_a1_0,policy,holdout,holdout,s_parking_id__p_komet,0.018736495144029974,-0.006808685987736327,13,30000
P4_ridge_a1_0,policy,holdout,holdout,t_season__winter,0.018207554260824044,-0.00014298275700067766,14,30000
P4_ridge_a1_0,policy,holdout,holdout,e_event_scale_max,0.017493840541230637,0.0024167774093801866,15,30000
P4_ridge_a1_0,policy,holdout,holdout,s_tier_is_vesten,0.01718911619389272,-0.0010831627706764863,16,30000
P4_ridge_a1_0,policy,holdout,holdout,s_parking_id__p_bruul,0.014062473119553302,-0.0007550585529704503,17,30000
P4_ridge_a1_0,policy,holdout,holdout,s_parking_id__p_grote_markt,0.013341988221001806,-0.0019330914523098656,18,30000
P4_ridge_a1_0,policy,holdout,holdout,s_tier_is_centrum,0.0129940159161156,-0.00025988031832228263,19,30000
P4_ridge_a1_0,policy,holdout,holdout,s_parking_id__p_veemarkt,0.011386887075790542,-0.0005846873564879843,20,30000
P4_ridge_a1_0,policy,holdout,holdout,s_capacity_bucket__large,0.010968609441761411,0.000359317290587361,21,30000
P4_ridge_a1_0,policy,holdout,holdout,s_capacity_bucket__medium,0.010404187288123222,0.001141794449000866,22,30000
P4_ridge_a1_0,policy,holdout,holdout,e_n_concurrent_events,0.010185063193972325,2.3527354813934978e-05,23,30000
P4_ridge_a1_0,policy,holdout,holdout,e_int_wind_x_season__zomer,0.009437553751551177,1.7971701798637095e-05,24,30000
P4_ridge_a1_0,policy,holdout,holdout,e_temp_c_sq,0.009360937608874395,-0.0005446295189317319,25,30000
P4_ridge_a1_0,policy,holdout,holdout,s_parking_id__p_lamot,0.008484963621569117,-0.0009251915514567649,26,30000
P4_ridge_a1_0,policy,holdout,holdout,t_is_any_holiday,0.008100289643646735,0.0030777808136182197,27,30000
P4_ridge_a1_0,policy,holdout,holdout,t_weekday_cos,0.008027437991975956,-0.0009275389717864669,28,30000
P4_ridge_a1_0,policy,holdout,holdout,e_wind_speed_ms,0.007858680705162071,-0.0015268289295139483,29,30000
P4_ridge_a1_0,policy,holdout,holdout,e_is_kermis_day,0.007643737303055892,-0.001143354902394778,30,30000
P4_ridge_a1_0,policy,holdout,holdout,t_weekday_sin,0.007289912013644563,0.001020301673448313,31,30000
P4_ridge_a1_0,policy,holdout,holdout,s_parking_id__p_kathedraal,0.0071897886601934215,0.0033408470317421433,32,30000
P4_ridge_a1_0,policy,holdout,holdout,e_int_temp_x_season__winter,0.007136201183776196,0.0008351748223665304,33,30000
P4_ridge_a1_0,policy,holdout,holdout,t_is_other_holiday,0.0067588190902753125,-0.002040706247063284,34,30000
P4_ridge_a1_0,policy,holdout,holdout,e_wind_gusts_ms,0.006466010425355355,0.0009090695991132304,35,30000
P4_ridge_a1_0,policy,holdout,holdout,e_sun_intensity_log1p,0.005379775018810524,-0.0009433918415826535,36,30000
P4_ridge_a1_0,policy,holdout,holdout,e_int_vacation_x_tier_centrum,0.005303057420010172,0.0004661469683561595,37,30000
P4_ridge_a1_0,policy,holdout,holdout,e_temp_c,0.005300317748210743,-0.00018263317322814897,38,30000
P4_ridge_a1_0,policy,holdout,holdout,t_month_cos,0.005141448575642308,-3.493299030600151e-05,39,30000
P4_ridge_a1_0,policy,holdout,holdout,t_is_weekend,0.005109480677443018,0.0007699192045085555,40,30000
P4_ridge_a1_0,policy,holdout,holdout,t_season__herfst,0.004838039578900434,0.0006183159232246266,41,30000
P4_ridge_a1_0,policy,holdout,holdout,s_log_total_capacity,0.0047783586395623,0.0002237867169666282,42,30000
P4_ridge_a1_0,policy,holdout,holdout,t_is_national_holiday,0.0046132580628119235,-0.002517846357870547,43,30000
P4_ridge_a1_0,policy,holdout,holdout,e_int_wind_x_season__winter,0.003887922301531344,-0.0007711645957408365,44,30000
P4_ridge_a1_0,policy,holdout,holdout,e_is_other_day,0.0028691552744130647,0.00014965425898448567,45,30000
P4_ridge_a1_0,policy,holdout,holdout,e_sun_duration_ratio,0.002835123772633515,0.0003739905814424106,46,30000
P4_ridge_a1_0,policy,holdout,holdout,t_day_class_5__weekend_regular,0.0027026707189268303,-0.0008811235887913351,47,30000
P4_ridge_a1_0,policy,holdout,holdout,e_int_wind_x_season__lente,0.002570020768973123,9.818445395796828e-05,48,30000
P4_ridge_a1_0,policy,holdout,holdout,e_int_temp_x_season__herfst,0.002452538528325697,0.00042394609703481483,49,30000
P4_ridge_a1_0,policy,holdout,holdout,s_tier_is_rand,0.0023136246816139357,-0.00023438907609724737,50,30000
P4_ridge_a1_0,policy,holdout,holdout,s_parking_id__p_keerdok,0.002313624681605596,-0.0002343890760964214,51,30000
P4_ridge_a1_0,policy,holdout,holdout,e_football_kickoff_hour_cos,0.002182258381779995,-0.0004475807794909652,52,30000
P4_ridge_a1_0,policy,holdout,holdout,t_day_class_5__holiday,0.0019264582553752696,0.001251069427312501,53,30000
P4_ridge_a1_0,policy,holdout,holdout,t_day_class_5__school_vacation,0.0018831129878093167,-0.00015604145088172287,54,30000
P4_ridge_a1_0,policy,holdout,holdout,e_is_markt_day,0.0018181649424492418,-0.00018107170872606093,55,30000
P4_ridge_a1_0,policy,holdout,holdout,e_event_scale_is_large,0.001500588448836887,-0.00024284110726006643,56,30000
P4_ridge_a1_0,policy,holdout,holdout,s_capacity_bucket__small,0.0013170693514113446,-0.00011059174126639668,57,30000
P4_ridge_a1_0,policy,holdout,holdout,e_football_kickoff_hour_sin,0.0012357975225066322,-0.0006425566238610677,58,30000
P4_ridge_a1_0,policy,holdout,holdout,e_is_high_wind_speed,0.0010996018365049907,-0.00014443956946736135,59,30000
P4_ridge_a1_0,policy,holdout,holdout,e_has_football_kickoff,0.0010832632256556898,0.0002774505970061369,60,30000
P4_ridge_a1_0,policy,holdout,holdout,e_is_football_day,0.0010832620253649991,0.00027745028958196826,61,30000
P4_ridge_a1_0,policy,holdout,holdout,e_is_sport_day,0.0010728121130165694,6.365059826641978e-06,62,30000
P4_ridge_a1_0,policy,holdout,holdout,e_int_holiday_x_tier_centrum,0.0009527219488577555,0.0002254074011493138,63,30000
P4_ridge_a1_0,policy,holdout,holdout,t_is_2020_regime,0.0009255974050501414,0.0009255974050501414,64,30000
P4_ridge_a1_0,policy,holdout,holdout,e_is_event_day,0.0008732106810547096,-6.69596391202207e-05,65,30000
P4_ridge_a1_0,policy,holdout,holdout,t_day_class_5__event_day,0.0008732067616574985,-6.695933857254666e-05,66,30000
P4_ridge_a1_0,policy,holdout,holdout,e_int_event_x_tier_centrum,0.0007302289697437664,-3.134702596020651e-05,67,30000
P4_ridge_a1_0,policy,holdout,holdout,e_is_festival_day,0.0005405465869699886,-7.412871461465383e-06,68,30000
P4_ridge_a1_0,policy,holdout,holdout,t_day_class_5__weekday_regular,0.0005247718345205769,9.027185801226585e-05,69,30000
P4_ridge_a1_0,policy,holdout,holdout,e_int_wind_x_season__herfst,0.00035826044904054536,-9.265678743291149e-06,70,30000
P4_ridge_a1_0,policy,holdout,holdout,e_is_procession_day,0.0002868364890861052,0.00028683648908610517,71,30000
P4_ridge_a1_0,policy,holdout,holdout,e_is_high_wind_gust,0.00021330269749916009,-3.881247980873409e-05,72,30000
P4_ridge_a1_0,policy,holdout,holdout,e_precip_bin__moderate,0.0001703399664889012,-5.3302173979826326e-05,73,30000
P4_ridge_a1_0,policy,holdout,holdout,e_precip_mm,0.0001516539696183573,-7.229276618704646e-05,74,30000
P4_ridge_a1_0,policy,holdout,holdout,e_precip_bin__dry,0.00013098186503440805,-3.201888389333625e-05,75,30000
P4_ridge_a1_0,policy,holdout,holdout,e_int_precip_x_season__herfst,0.00012570237463362314,-0.00011115267570537075,76,30000
P4_ridge_a1_0,policy,holdout,holdout,e_int_precip_x_season__lente,6.567365002754063e-05,-1.9878242352914685e-05,77,30000
P4_ridge_a1_0,policy,holdout,holdout,e_precip_bin__heavy,5.593206716950172e-05,5.593206716950172e-05,78,30000
P4_ridge_a1_0,policy,holdout,holdout,e_int_precip_x_season__winter,2.7429382668688398e-05,-9.605589131354068e-06,79,30000
P4_ridge_a1_0,policy,holdout,holdout,e_is_carnival_day,1.7025177041591308e-05,3.1260851900067863e-06,80,30000
P4_ridge_a1_0,policy,holdout,holdout,e_precip_bin__light,1.5158573996817687e-05,-1.7535380456515562e-06,81,30000
P4_ridge_a1_0,policy,holdout,holdout,e_int_precip_x_season__zomer,5.759136668189416e-07,5.759136668189416e-07,82,30000
P4_ridge_a1_0,policy,fold_cv_fold_1,cv_fold_1,s_parking_id__p_hoogstraat,0.05974010178065389,-0.037176289013854384,1,10000
P4_ridge_a1_0,policy,fold_cv_fold_1,cv_fold_1,t_season__herfst,0.05572696358173212,-0.044046327226949684,2,10000
P4_ridge_a1_0,policy,fold_cv_fold_1,cv_fold_1,t_season__winter,0.04513724251071118,0.0130113368130764,3,10000
P4_ridge_a1_0,policy,fold_cv_fold_1,cv_fold_1,t_month_cos,0.03799365350575232,-0.03799365350575232,4,10000
P4_ridge_a1_0,policy,fold_cv_fold_1,cv_fold_1,t_month_sin,0.035386219461105914,0.035386219461105914,5,10000
P4_ridge_a1_0,policy,fold_cv_fold_1,cv_fold_1,e_int_temp_x_season__lente,0.03423529725292587,0.03423529725292587,6,10000
P4_ridge_a1_0,policy,fold_cv_fold_1,cv_fold_1,t_season__zomer,0.032031088378250756,0.032031088378250756,7,10000
P4_ridge_a1_0,policy,fold_cv_fold_1,cv_fold_1,t_season__lente,0.028456251157909458,-0.028456251157909458,8,10000
P4_ridge_a1_0,policy,fold_cv_fold_1,cv_fold_1,s_parking_id__p_tinel,0.026050550191504693,0.0026726094887826826,9,10000
P4_ridge_a1_0,policy,fold_cv_fold_1,cv_fold_1,t_is_2020_regime,0.0253524398499891,0.0253524398499891,10,10000
P4_ridge_a1_0,policy,fold_cv_fold_1,cv_fold_1,s_capacity_bucket__large,0.0247614763659753,0.002893381658343634,11,10000
P4_ridge_a1_0,policy,fold_cv_fold_1,cv_fold_1,s_parking_id__p_bruul,0.02180067338786448,0.01715670353720967,12,10000
P4_ridge_a1_0,policy,fold_cv_fold_1,cv_fold_1,e_int_temp_x_season__herfst,0.019913619902240443,0.014051973707377886,13,10000
P4_ridge_a1_0,policy,fold_cv_fold_1,cv_fold_1,s_capacity_bucket__medium,0.019011680742714445,-0.004373075550591458,14,10000
P4_ridge_a1_0,policy,fold_cv_fold_1,cv_fold_1,e_event_scale_is_large,0.01833410410995494,0.008675144498960913,15,10000
P4_ridge_a1_0,policy,fold_cv_fold_1,cv_fold_1,e_int_temp_x_season__zomer,0.01770390091227671,-0.01770390091227671,16,10000
P4_ridge_a1_0,policy,fold_cv_fold_1,cv_fold_1,s_parking_id__p_veemarkt,0.014472735986105533,0.000994069373136934,17,10000
P4_ridge_a1_0,policy,fold_cv_fold_1,cv_fold_1,e_sun_duration_ratio,0.014032493625680997,0.008844666024888674,18,10000
P4_ridge_a1_0,policy,fold_cv_fold_1,cv_fold_1,e_sun_intensity_log1p,0.013734680569595602,-0.0075550838219110815,19,10000
P4_ridge_a1_0,policy,fold_cv_fold_1,cv_fold_1,s_log_total_capacity,0.013473602959520917,0.002745337818896043,20,10000
P4_ridge_a1_0,policy,fold_cv_fold_1,cv_fold_1,t_is_school_vacation,0.010995926098300503,0.0028026796374831845,21,10000
P4_ridge_a1_0,policy,fold_cv_fold_1,cv_fold_1,e_int_temp_x_season__winter,0.010495016992034251,-0.004363343953419914,22,10000
P4_ridge_a1_0,policy,fold_cv_fold_1,cv_fold_1,s_parking_id__p_grote_markt,0.010185895809355831,-0.002330316964905454,23,10000
P4_ridge_a1_0,policy,fold_cv_fold_1,cv_fold_1,t_hour_sin,0.009364163369375386,2.541549947487502e-06,24,10000
P4_ridge_a1_0,policy,fold_cv_fold_1,cv_fold_1,t_hour_cos,0.008438313136054337,0.0008381676274124268,25,10000
P4_ridge_a1_0,policy,fold_cv_fold_1,cv_fold_1,s_capacity_bucket__small,0.007744908977378752,0.002458317953034079,26,10000
P4_ridge_a1_0,policy,fold_cv_fold_1,cv_fold_1,e_int_wind_x_season__zomer,0.006722305193535949,-0.006722305193535949,27,10000
P4_ridge_a1_0,policy,fold_cv_fold_1,cv_fold_1,e_wind_speed_ms,0.006082502386807451,0.0014370666083772096,28,10000
P4_ridge_a1_0,policy,fold_cv_fold_1,cv_fold_1,e_temp_c,0.005892988371290238,-0.0038789048292285798,29,10000
P4_ridge_a1_0,policy,fold_cv_fold_1,cv_fold_1,s_parking_id__p_lamot,0.005805291133524574,-0.003362567772990438,30,10000
P4_ridge_a1_0,policy,fold_cv_fold_1,cv_fold_1,t_is_other_holiday,0.005725615108075852,-0.0037099017978894657,31,10000
P4_ridge_a1_0,policy,fold_cv_fold_1,cv_fold_1,e_n_concurrent_events,0.005611726816044328,-0.002767726213358102,32,10000
P4_ridge_a1_0,policy,fold_cv_fold_1,cv_fold_1,e_int_event_x_tier_centrum,0.005232094462603726,-0.0032313162171353055,33,10000
P4_ridge_a1_0,policy,fold_cv_fold_1,cv_fold_1,t_day_class_5__weekend_regular,0.00469394714351508,-0.00024967803954865133,34,10000
P4_ridge_a1_0,policy,fold_cv_fold_1,cv_fold_1,e_int_holiday_x_tier_centrum,0.004464506219740469,0.0034546904058439486,35,10000
P4_ridge_a1_0,policy,fold_cv_fold_1,cv_fold_1,e_n_concurrent_events_capped,0.0036749089535757806,0.0016920133308978087,36,10000
P4_ridge_a1_0,policy,fold_cv_fold_1,cv_fold_1,e_is_event_day,0.003674908710791573,0.0016920132191140568,37,10000
P4_ridge_a1_0,policy,fold_cv_fold_1,cv_fold_1,t_day_class_5__event_day,0.003674908250957266,0.0016920130073959296,38,10000
P4_ridge_a1_0,policy,fold_cv_fold_1,cv_fold_1,s_parking_id__p_keerdok,0.003427129423322074,0.001704027581166837,39,10000
P4_ridge_a1_0,policy,fold_cv_fold_1,cv_fold_1,s_tier_is_rand,0.0034271294233193137,0.0017040275811649036,40,10000
P4_ridge_a1_0,policy,fold_cv_fold_1,cv_fold_1,t_weekday_sin,0.0034108993543064932,0.00021370755388574496,41,10000
P4_ridge_a1_0,policy,fold_cv_fold_1,cv_fold_1,e_is_kermis_day,0.0033184592672667735,-0.0021610231815750486,42,10000
P4_ridge_a1_0,policy,fold_cv_fold_1,cv_fold_1,t_is_weekend,0.002986739776575697,6.965002670105146e-05,43,10000
P4_ridge_a1_0,policy,fold_cv_fold_1,cv_fold_1,s_tier_is_vesten,0.0027484706197449826,0.0009794604221613592,44,10000
P4_ridge_a1_0,policy,fold_cv_fold_1,cv_fold_1,t_weekday_cos,0.0019333927038834623,-5.208019093962545e-05,45,10000
P4_ridge_a1_0,policy,fold_cv_fold_1,cv_fold_1,e_is_high_wind_gust,0.0019070094046491914,0.00023195232459777033,46,10000
P4_ridge_a1_0,policy,fold_cv_fold_1,cv_fold_1,e_wind_gusts_ms,0.0018899154263914636,-0.0004067130644781661,47,10000
P4_ridge_a1_0,policy,fold_cv_fold_1,cv_fold_1,e_is_sport_day,0.0018599261354772466,0.00029714885273973,48,10000
P4_ridge_a1_0,policy,fold_cv_fold_1,cv_fold_1,t_day_class_5__school_vacation,0.001757535002143927,-0.0006733629535890731,49,10000
P4_ridge_a1_0,policy,fold_cv_fold_1,cv_fold_1,e_is_high_wind_speed,0.0016823952314204244,-0.00012059515884687908,50,10000
P4_ridge_a1_0,policy,fold_cv_fold_1,cv_fold_1,e_int_wind_x_season__lente,0.0015367066433235451,0.0015367066433235451,51,10000
P4_ridge_a1_0,policy,fold_cv_fold_1,cv_fold_1,e_event_scale_max,0.0015258167888581526,0.0007551547327411313,52,10000
P4_ridge_a1_0,policy,fold_cv_fold_1,cv_fold_1,e_is_football_day,0.0015200454382604909,-0.0005666493776273442,53,10000
P4_ridge_a1_0,policy,fold_cv_fold_1,cv_fold_1,e_has_football_kickoff,0.0015200451253650701,-0.0005666492609849123,54,10000
P4_ridge_a1_0,policy,fold_cv_fold_1,cv_fold_1,s_parking_id__p_kathedraal,0.0014975253617344646,0.0005505607947555047,55,10000
P4_ridge_a1_0,policy,fold_cv_fold_1,cv_fold_1,t_is_any_holiday,0.001381522287054216,0.0006891259294574207,56,10000
P4_ridge_a1_0,policy,fold_cv_fold_1,cv_fold_1,e_football_kickoff_hour_sin,0.0012165831067437731,-0.0004049099567254469,57,10000
P4_ridge_a1_0,policy,fold_cv_fold_1,cv_fold_1,e_is_festival_day,0.0011918803413930865,-0.0011918803413930865,58,10000
P4_ridge_a1_0,policy,fold_cv_fold_1,cv_fold_1,t_is_national_holiday,0.0011816473061341236,-0.0003109123860710357,59,10000
P4_ridge_a1_0,policy,fold_cv_fold_1,cv_fold_1,e_temp_c_sq,0.0011147063546879618,-0.0008157713615883908,60,10000
P4_ridge_a1_0,policy,fold_cv_fold_1,cv_fold_1,e_football_kickoff_hour_cos,0.0010561475322536137,-0.0005169720819565248,61,10000
P4_ridge_a1_0,policy,fold_cv_fold_1,cv_fold_1,e_int_vacation_x_tier_centrum,0.0008431391664673997,-0.00010369965149721699,62,10000
P4_ridge_a1_0,policy,fold_cv_fold_1,cv_fold_1,e_precip_bin__heavy,0.0007583878107718378,-0.0003558563494455371,63,10000
P4_ridge_a1_0,policy,fold_cv_fold_1,cv_fold_1,e_int_precip_x_season__winter,0.0007509168735899836,0.00011844990552645709,64,10000
P4_ridge_a1_0,policy,fold_cv_fold_1,cv_fold_1,e_int_wind_x_season__winter,0.0006548552447218004,0.00023422690436568315,65,10000
P4_ridge_a1_0,policy,fold_cv_fold_1,cv_fold_1,e_precip_mm,0.0005628336904034176,0.0003063731436271519,66,10000
P4_ridge_a1_0,policy,fold_cv_fold_1,cv_fold_1,e_is_other_day,0.00046878215373751393,1.7167913969670458e-05,67,10000
P4_ridge_a1_0,policy,fold_cv_fold_1,cv_fold_1,s_tier_is_centrum,0.00040094515854537837,1.554973575323397e-05,68,10000
P4_ridge_a1_0,policy,fold_cv_fold_1,cv_fold_1,e_int_precip_x_season__herfst,0.0003338042814564016,0.0003288386004790822,69,10000
P4_ridge_a1_0,policy,fold_cv_fold_1,cv_fold_1,e_precip_bin__moderate,0.0003048306315389535,0.0001717348730036383,70,10000
P4_ridge_a1_0,policy,fold_cv_fold_1,cv_fold_1,e_int_wind_x_season__herfst,0.0002564950773312528,0.0002187049490453632,71,10000
P4_ridge_a1_0,policy,fold_cv_fold_1,cv_fold_1,e_is_procession_day,0.0002352169459604925,0.0002352169459604925,72,10000
P4_ridge_a1_0,policy,fold_cv_fold_1,cv_fold_1,e_precip_bin__dry,0.00020362615644635911,-8.1832974814345e-05,73,10000
P4_ridge_a1_0,policy,fold_cv_fold_1,cv_fold_1,e_precip_bin__light,0.00020122096131116555,4.016409163755242e-05,74,10000
P4_ridge_a1_0,policy,fold_cv_fold_1,cv_fold_1,e_is_markt_day,0.00010260386456938546,-0.00010260386456938546,75,10000
P4_ridge_a1_0,policy,fold_cv_fold_1,cv_fold_1,t_day_class_5__weekday_regular,0.00010045046700123914,3.20627172900165e-05,76,10000
P4_ridge_a1_0,policy,fold_cv_fold_1,cv_fold_1,t_day_class_5__holiday,8.753082030003185e-05,-3.102840393901043e-05,77,10000
P4_ridge_a1_0,policy,fold_cv_fold_1,cv_fold_1,e_int_precip_x_season__lente,1.8389624643453705e-05,-1.8389624643453705e-05,78,10000
P4_ridge_a1_0,policy,fold_cv_fold_1,cv_fold_1,e_int_precip_x_season__zomer,1.3155718927953968e-06,-1.3155718927953968e-06,79,10000
P4_ridge_a1_0,policy,fold_cv_fold_1,cv_fold_1,e_is_carnival_day,1.442221420701409e-18,-1.442221420701409e-18,80,10000
P4_ridge_a1_0,policy,fold_cv_fold_1,cv_fold_1,s_parking_id__p_maarten,0.0,0.0,81,10000
P4_ridge_a1_0,policy,fold_cv_fold_1,cv_fold_1,s_parking_id__p_komet,0.0,0.0,82,10000
P4_ridge_a1_0,policy,fold_cv_fold_2,cv_fold_2,s_parking_id__p_hoogstraat,0.06258423761726699,-0.03332524539015948,1,10000
P4_ridge_a1_0,policy,fold_cv_fold_2,cv_fold_2,t_season__zomer,0.062004875932306205,-0.029187215847814082,2,10000
P4_ridge_a1_0,policy,fold_cv_fold_2,cv_fold_2,t_month_cos,0.051764529177106555,0.051764529177106555,3,10000
P4_ridge_a1_0,policy,fold_cv_fold_2,cv_fold_2,e_int_temp_x_season__lente,0.04866220047456651,-0.035955730742325887,4,10000
P4_ridge_a1_0,policy,fold_cv_fold_2,cv_fold_2,e_int_temp_x_season__zomer,0.035189398280479754,0.012467023638969761,5,10000
P4_ridge_a1_0,policy,fold_cv_fold_2,cv_fold_2,s_parking_id__p_tinel,0.027050572439903477,0.004540414477713016,6,10000
P4_ridge_a1_0,policy,fold_cv_fold_2,cv_fold_2,t_season__winter,0.023522669441371012,-0.023522669441371012,7,10000
P4_ridge_a1_0,policy,fold_cv_fold_2,cv_fold_2,t_season__lente,0.02128844573626902,0.015191141962529806,8,10000
P4_ridge_a1_0,policy,fold_cv_fold_2,cv_fold_2,s_capacity_bucket__large,0.02072660335175056,0.0021623405649205825,9,10000
P4_ridge_a1_0,policy,fold_cv_fold_2,cv_fold_2,s_capacity_bucket__medium,0.020234460558988223,0.002140096379692627,10,10000
P4_ridge_a1_0,policy,fold_cv_fold_2,cv_fold_2,e_event_scale_is_large,0.018715380049418473,0.008077155034787394,11,10000
P4_ridge_a1_0,policy,fold_cv_fold_2,cv_fold_2,t_month_sin,0.01814297184556199,-0.014697318009327116,12,10000
P4_ridge_a1_0,policy,fold_cv_fold_2,cv_fold_2,t_is_2020_regime,0.017711434497923454,0.017711434497923454,13,10000
P4_ridge_a1_0,policy,fold_cv_fold_2,cv_fold_2,e_sun_intensity_log1p,0.016110499427704008,0.00022569164479621325,14,10000
P4_ridge_a1_0,policy,fold_cv_fold_2,cv_fold_2,s_parking_id__p_veemarkt,0.01588139613821445,-0.01588139613821445,15,10000
P4_ridge_a1_0,policy,fold_cv_fold_2,cv_fold_2,s_parking_id__p_bruul,0.015386889216261765,0.015386889216261765,16,10000
P4_ridge_a1_0,policy,fold_cv_fold_2,cv_fold_2,e_sun_duration_ratio,0.012411321914977257,0.0001094986366770875,17,10000
P4_ridge_a1_0,policy,fold_cv_fold_2,cv_fold_2,e_event_scale_max,0.011389066791128086,-0.005086792022090135,18,10000
P4_ridge_a1_0,policy,fold_cv_fold_2,cv_fold_2,t_hour_cos,0.009554765683301391,0.0037468059685549747,19,10000
P4_ridge_a1_0,policy,fold_cv_fold_2,cv_fold_2,e_int_event_x_tier_centrum,0.00880814255445198,-0.001185879202936941,20,10000
P4_ridge_a1_0,policy,fold_cv_fold_2,cv_fold_2,s_parking_id__p_grote_markt,0.008559760962758628,-0.00021586744511089298,21,10000
P4_ridge_a1_0,policy,fold_cv_fold_2,cv_fold_2,e_int_wind_x_season__zomer,0.007822219882759099,0.0037417964032895974,22,10000
P4_ridge_a1_0,policy,fold_cv_fold_2,cv_fold_2,e_temp_c,0.007415682009308508,0.005015452875160465,23,10000
P4_ridge_a1_0,policy,fold_cv_fold_2,cv_fold_2,s_log_total_capacity,0.006373712126732661,0.0007206728979593018,24,10000
P4_ridge_a1_0,policy,fold_cv_fold_2,cv_fold_2,t_is_any_holiday,0.006077107364731201,0.0023794072487705034,25,10000
P4_ridge_a1_0,policy,fold_cv_fold_2,cv_fold_2,t_is_other_holiday,0.00565450270101072,0.0003604217711442774,26,10000
P4_ridge_a1_0,policy,fold_cv_fold_2,cv_fold_2,e_football_kickoff_hour_sin,0.005490799094990808,0.003400660819603879,27,10000
P4_ridge_a1_0,policy,fold_cv_fold_2,cv_fold_2,e_wind_speed_ms,0.005366459417838601,-0.0028908077410866526,28,10000
P4_ridge_a1_0,policy,fold_cv_fold_2,cv_fold_2,t_is_national_holiday,0.00515815334457683,-0.0026755277978404313,29,10000
P4_ridge_a1_0,policy,fold_cv_fold_2,cv_fold_2,e_is_event_day,0.00515336419775574,0.0022744135973643293,30,10000
P4_ridge_a1_0,policy,fold_cv_fold_2,cv_fold_2,e_n_concurrent_events_capped,0.005153363692922964,0.0022744133745592004,31,10000
P4_ridge_a1_0,policy,fold_cv_fold_2,cv_fold_2,t_day_class_5__event_day,0.005153363641507373,0.002274413351866195,32,10000
P4_ridge_a1_0,policy,fold_cv_fold_2,cv_fold_2,e_temp_c_sq,0.005033261442813914,-0.0026038495181045997,33,10000
P4_ridge_a1_0,policy,fold_cv_fold_2,cv_fold_2,s_parking_id__p_lamot,0.005006350120635966,-0.005006350120635966,34,10000
P4_ridge_a1_0,policy,fold_cv_fold_2,cv_fold_2,t_is_school_vacation,0.004815549853286926,0.00023544891202377548,35,10000
P4_ridge_a1_0,policy,fold_cv_fold_2,cv_fold_2,e_has_football_kickoff,0.0043056772696906855,-0.0043056772696906855,36,10000
P4_ridge_a1_0,policy,fold_cv_fold_2,cv_fold_2,e_is_football_day,0.0043056766495908495,-0.0043056766495908495,37,10000
P4_ridge_a1_0,policy,fold_cv_fold_2,cv_fold_2,t_weekday_cos,0.004203738096572717,-0.00021570455834507687,38,10000
P4_ridge_a1_0,policy,fold_cv_fold_2,cv_fold_2,e_int_temp_x_season__winter,0.00335957347197142,0.00335957347197142,39,10000
P4_ridge_a1_0,policy,fold_cv_fold_2,cv_fold_2,e_int_wind_x_season__lente,0.0033581500501739833,0.002202025979777826,40,10000
P4_ridge_a1_0,policy,fold_cv_fold_2,cv_fold_2,e_int_wind_x_season__herfst,0.00316219383917996,0.00316219383917996,41,10000
P4_ridge_a1_0,policy,fold_cv_fold_2,cv_fold_2,e_int_holiday_x_tier_centrum,0.0031388407803422495,0.0005383248102792451,42,10000
P4_ridge_a1_0,policy,fold_cv_fold_2,cv_fold_2,e_n_concurrent_events,0.0031004710527834617,-0.0016298228418678772,43,10000
P4_ridge_a1_0,policy,fold_cv_fold_2,cv_fold_2,t_day_class_5__weekend_regular,0.0024612148661224765,0.0010869398864164742,44,10000
P4_ridge_a1_0,policy,fold_cv_fold_2,cv_fold_2,e_int_temp_x_season__herfst,0.002261420012774496,0.002261420012774496,45,10000
P4_ridge_a1_0,policy,fold_cv_fold_2,cv_fold_2,t_weekday_sin,0.0020590356712920465,-4.414302470804929e-06,46,10000
P4_ridge_a1_0,policy,fold_cv_fold_2,cv_fold_2,e_int_precip_x_season__lente,0.002027116785436436,0.0015242111668103476,47,10000
P4_ridge_a1_0,policy,fold_cv_fold_2,cv_fold_2,t_day_class_5__school_vacation,0.0017251494331120543,0.0005934896838159861,48,10000
P4_ridge_a1_0,policy,fold_cv_fold_2,cv_fold_2,s_capacity_bucket__small,0.0016730103812550223,-4.726882029168791e-05,49,10000
P4_ridge_a1_0,policy,fold_cv_fold_2,cv_fold_2,e_wind_gusts_ms,0.0016659252447356622,0.0007742025586369071,50,10000
P4_ridge_a1_0,policy,fold_cv_fold_2,cv_fold_2,e_is_other_day,0.0015244782919031869,-0.0008646104962179212,51,10000
P4_ridge_a1_0,policy,fold_cv_fold_2,cv_fold_2,e_int_vacation_x_tier_centrum,0.0014205028727955504,-0.0002482156792204817,52,10000
P4_ridge_a1_0,policy,fold_cv_fold_2,cv_fold_2,e_football_kickoff_hour_cos,0.0013442472903683646,-0.0013442472903683646,53,10000
P4_ridge_a1_0,policy,fold_cv_fold_2,cv_fold_2,t_day_class_5__weekday_regular,0.0013223790710386245,3.0406075774126296e-05,54,10000
P4_ridge_a1_0,policy,fold_cv_fold_2,cv_fold_2,e_is_festival_day,0.0012376407349648296,-0.0012376407349648296,55,10000
P4_ridge_a1_0,policy,fold_cv_fold_2,cv_fold_2,e_is_markt_day,0.0012327199338440238,0.0012327199338440238,56,10000
P4_ridge_a1_0,policy,fold_cv_fold_2,cv_fold_2,t_hour_sin,0.001196149908461418,0.0001732934050334265,57,10000
P4_ridge_a1_0,policy,fold_cv_fold_2,cv_fold_2,t_day_class_5__holiday,0.0011030641426314682,-0.00023335105058165496,58,10000
P4_ridge_a1_0,policy,fold_cv_fold_2,cv_fold_2,s_parking_id__p_keerdok,0.001051477931885441,0.000415204306487201,59,10000
P4_ridge_a1_0,policy,fold_cv_fold_2,cv_fold_2,s_tier_is_rand,0.0010514779318773705,0.0004152043064838855,60,10000
P4_ridge_a1_0,policy,fold_cv_fold_2,cv_fold_2,e_is_high_wind_speed,0.0009349416142994418,-0.0003971008436869622,61,10000
P4_ridge_a1_0,policy,fold_cv_fold_2,cv_fold_2,s_tier_is_centrum,0.0009248538365104386,0.0002850270343277299,62,10000
P4_ridge_a1_0,policy,fold_cv_fold_2,cv_fold_2,e_is_procession_day,0.000919364982503445,0.000919364982503445,63,10000
P4_ridge_a1_0,policy,fold_cv_fold_2,cv_fold_2,s_parking_id__p_kathedraal,0.0008985125372892698,0.00018433085445686723,64,10000
P4_ridge_a1_0,policy,fold_cv_fold_2,cv_fold_2,e_int_wind_x_season__winter,0.0008065637025396227,-0.0008065637025396227,65,10000
P4_ridge_a1_0,policy,fold_cv_fold_2,cv_fold_2,e_is_carnival_day,0.000733757163383374,-0.000733757163383374,66,10000
P4_ridge_a1_0,policy,fold_cv_fold_2,cv_fold_2,t_is_weekend,0.0006561454870712355,-1.2851738068186794e-05,67,10000
P4_ridge_a1_0,policy,fold_cv_fold_2,cv_fold_2,e_is_kermis_day,0.000624644538004282,-0.0001908263366922084,68,10000
P4_ridge_a1_0,policy,fold_cv_fold_2,cv_fold_2,e_is_high_wind_gust,0.0006212100746329651,0.00024821077028952716,69,10000
P4_ridge_a1_0,policy,fold_cv_fold_2,cv_fold_2,e_precip_bin__heavy,0.0004618037626912233,-1.0373986282499312e-05,70,10000
P4_ridge_a1_0,policy,fold_cv_fold_2,cv_fold_2,e_int_precip_x_season__winter,0.0004091906640444649,0.0004091906640444649,71,10000
P4_ridge_a1_0,policy,fold_cv_fold_2,cv_fold_2,e_precip_bin__light,0.0003994397468806443,-6.714858619655958e-05,72,10000
P4_ridge_a1_0,policy,fold_cv_fold_2,cv_fold_2,t_season__herfst,0.00026310984154748353,-0.00026310984154748353,73,10000
P4_ridge_a1_0,policy,fold_cv_fold_2,cv_fold_2,e_is_sport_day,0.00025831826906582317,-5.893498656557521e-05,74,10000
P4_ridge_a1_0,policy,fold_cv_fold_2,cv_fold_2,e_precip_mm,0.00023558172220932057,5.742104520729837e-05,75,10000
P4_ridge_a1_0,policy,fold_cv_fold_2,cv_fold_2,e_precip_bin__moderate,0.00013580762729012693,-1.789263599480325e-05,76,10000
P4_ridge_a1_0,policy,fold_cv_fold_2,cv_fold_2,e_int_precip_x_season__zomer,0.00010901509852886692,0.00010039766668534187,77,10000
P4_ridge_a1_0,policy,fold_cv_fold_2,cv_fold_2,e_precip_bin__dry,9.433605113392992e-05,3.2689216993844117e-06,78,10000
P4_ridge_a1_0,policy,fold_cv_fold_2,cv_fold_2,e_int_precip_x_season__herfst,4.720890179101053e-05,4.720890179101053e-05,79,10000
P4_ridge_a1_0,policy,fold_cv_fold_2,cv_fold_2,s_tier_is_vesten,1.4151531351342295e-05,-1.740311021309611e-06,80,10000
P4_ridge_a1_0,policy,fold_cv_fold_2,cv_fold_2,s_parking_id__p_maarten,0.0,0.0,81,10000
P4_ridge_a1_0,policy,fold_cv_fold_2,cv_fold_2,s_parking_id__p_komet,0.0,0.0,82,10000
P4_ridge_a1_0,policy,fold_cv_fold_3,cv_fold_3,s_parking_id__p_hoogstraat,0.0366218062057172,-0.004823549804756772,1,10000
P4_ridge_a1_0,policy,fold_cv_fold_3,cv_fold_3,s_parking_id__p_maarten,0.03411549149341787,-0.023684863410893812,2,10000
P4_ridge_a1_0,policy,fold_cv_fold_3,cv_fold_3,t_season__winter,0.03111889774928417,0.0014275756015945079,3,10000
P4_ridge_a1_0,policy,fold_cv_fold_3,cv_fold_3,t_season__zomer,0.030680939321446932,0.030680939321446932,4,10000
P4_ridge_a1_0,policy,fold_cv_fold_3,cv_fold_3,s_parking_id__p_komet,0.029045768681325575,-0.01987695245448492,5,10000
P4_ridge_a1_0,policy,fold_cv_fold_3,cv_fold_3,e_int_temp_x_season__lente,0.025094565192283234,0.025094565192283234,6,10000
P4_ridge_a1_0,policy,fold_cv_fold_3,cv_fold_3,s_parking_id__p_tinel,0.024958984174984555,-0.00511468354242582,7,10000
P4_ridge_a1_0,policy,fold_cv_fold_3,cv_fold_3,t_month_cos,0.02331777624712862,-0.02331777624712862,8,10000
P4_ridge_a1_0,policy,fold_cv_fold_3,cv_fold_3,t_is_school_vacation,0.018595368326041847,0.005346004740531817,9,10000
P4_ridge_a1_0,policy,fold_cv_fold_3,cv_fold_3,e_int_temp_x_season__zomer,0.017126170473145762,-0.017126170473145762,10,10000
P4_ridge_a1_0,policy,fold_cv_fold_3,cv_fold_3,s_parking_id__p_grote_markt,0.015807628176318717,-0.006657004058262717,11,10000
P4_ridge_a1_0,policy,fold_cv_fold_3,cv_fold_3,e_n_concurrent_events_capped,0.01574285694489962,-0.003140364963555813,12,10000
P4_ridge_a1_0,policy,fold_cv_fold_3,cv_fold_3,t_season__lente,0.01572656819122363,-0.01572656819122363,13,10000
P4_ridge_a1_0,policy,fold_cv_fold_3,cv_fold_3,t_hour_sin,0.014946916685710675,-0.0017044818266901888,14,10000
P4_ridge_a1_0,policy,fold_cv_fold_3,cv_fold_3,e_event_scale_max,0.012843513069203435,0.0024415808066144914,15,10000
P4_ridge_a1_0,policy,fold_cv_fold_3,cv_fold_3,t_is_other_holiday,0.012756248995170884,-0.0049809142051624004,16,10000
P4_ridge_a1_0,policy,fold_cv_fold_3,cv_fold_3,s_capacity_bucket__large,0.012710818899493324,0.001274857283328576,17,10000
P4_ridge_a1_0,policy,fold_cv_fold_3,cv_fold_3,s_capacity_bucket__medium,0.012662055302345971,-0.0017812943414632248,18,10000
P4_ridge_a1_0,policy,fold_cv_fold_3,cv_fold_3,s_parking_id__p_bruul,0.012546919383459535,-0.0032003926429156862,19,10000
P4_ridge_a1_0,policy,fold_cv_fold_3,cv_fold_3,s_tier_is_vesten,0.011716636514309469,-0.003931547805068846,20,10000
P4_ridge_a1_0,policy,fold_cv_fold_3,cv_fold_3,s_parking_id__p_veemarkt,0.011460865581374451,0.0040316259760385595,21,10000
P4_ridge_a1_0,policy,fold_cv_fold_3,cv_fold_3,t_hour_cos,0.011066046246059742,0.0002678797134595308,22,10000
P4_ridge_a1_0,policy,fold_cv_fold_3,cv_fold_3,t_season__herfst,0.010774478781547902,0.009482954541579604,23,10000
P4_ridge_a1_0,policy,fold_cv_fold_3,cv_fold_3,s_parking_id__p_lamot,0.01055094584820473,-0.0012423615767825568,24,10000
P4_ridge_a1_0,policy,fold_cv_fold_3,cv_fold_3,t_is_any_holiday,0.009748463867797342,0.0016332040126893165,25,10000
P4_ridge_a1_0,policy,fold_cv_fold_3,cv_fold_3,s_tier_is_centrum,0.009231213677582806,-0.0014841891831395703,26,10000
P4_ridge_a1_0,policy,fold_cv_fold_3,cv_fold_3,e_sun_intensity_log1p,0.009183281943323518,-0.003907307947846166,27,10000
P4_ridge_a1_0,policy,fold_cv_fold_3,cv_fold_3,t_month_sin,0.0076771344404348765,0.0076771344404348765,28,10000
P4_ridge_a1_0,policy,fold_cv_fold_3,cv_fold_3,e_int_temp_x_season__herfst,0.007421233894862402,-0.006131189163921379,29,10000
P4_ridge_a1_0,policy,fold_cv_fold_3,cv_fold_3,e_is_kermis_day,0.007325170872788983,0.0032634926688046655,30,10000
P4_ridge_a1_0,policy,fold_cv_fold_3,cv_fold_3,e_int_vacation_x_tier_centrum,0.00690880078801771,-0.002529003843419901,31,10000
P4_ridge_a1_0,policy,fold_cv_fold_3,cv_fold_3,s_parking_id__p_kathedraal,0.00670882076923732,-0.0005195679137381414,32,10000
P4_ridge_a1_0,policy,fold_cv_fold_3,cv_fold_3,e_int_wind_x_season__zomer,0.0063523931762996515,-0.0063523931762996515,33,10000
P4_ridge_a1_0,policy,fold_cv_fold_3,cv_fold_3,e_wind_speed_ms,0.00611784686517518,0.0003837761984768125,34,10000
P4_ridge_a1_0,policy,fold_cv_fold_3,cv_fold_3,t_is_weekend,0.005673831124259324,0.0001225523354379193,35,10000
P4_ridge_a1_0,policy,fold_cv_fold_3,cv_fold_3,e_n_concurrent_events,0.005580055110278649,0.0013281442746716848,36,10000
P4_ridge_a1_0,policy,fold_cv_fold_3,cv_fold_3,t_day_class_5__weekend_regular,0.005347653110050703,0.0003442684505390716,37,10000
P4_ridge_a1_0,policy,fold_cv_fold_3,cv_fold_3,e_int_temp_x_season__winter,0.005274526569202193,-0.0008596570875579846,38,10000
P4_ridge_a1_0,policy,fold_cv_fold_3,cv_fold_3,t_is_national_holiday,0.005167365646435734,0.0005789017011689825,39,10000
P4_ridge_a1_0,policy,fold_cv_fold_3,cv_fold_3,e_temp_c_sq,0.004811480052258111,-0.0036939746651156744,40,10000
P4_ridge_a1_0,policy,fold_cv_fold_3,cv_fold_3,e_sun_duration_ratio,0.004712889431026231,0.002169670334475077,41,10000
P4_ridge_a1_0,policy,fold_cv_fold_3,cv_fold_3,t_weekday_sin,0.0040209570912870755,-0.0001085202623634134,42,10000
P4_ridge_a1_0,policy,fold_cv_fold_3,cv_fold_3,e_int_holiday_x_tier_centrum,0.0038834812532426858,0.00018768334691465888,43,10000
P4_ridge_a1_0,policy,fold_cv_fold_3,cv_fold_3,s_log_total_capacity,0.0038366389291475543,0.0006354414087865775,44,10000
P4_ridge_a1_0,policy,fold_cv_fold_3,cv_fold_3,t_day_class_5__holiday,0.003233527297056542,0.0014481805763115875,45,10000
P4_ridge_a1_0,policy,fold_cv_fold_3,cv_fold_3,e_int_event_x_tier_centrum,0.003148652552567948,-0.00014112543913116045,46,10000
P4_ridge_a1_0,policy,fold_cv_fold_3,cv_fold_3,e_is_procession_day,0.002733025072471868,0.0014377303415253726,47,10000
P4_ridge_a1_0,policy,fold_cv_fold_3,cv_fold_3,e_event_scale_is_large,0.0027291896315303496,-0.0009648407240756701,48,10000
P4_ridge_a1_0,policy,fold_cv_fold_3,cv_fold_3,e_int_wind_x_season__winter,0.0027149191428060297,-0.000264490280419837,49,10000
P4_ridge_a1_0,policy,fold_cv_fold_3,cv_fold_3,t_day_class_5__event_day,0.0016861445425208736,0.00023452674870205238,50,10000
P4_ridge_a1_0,policy,fold_cv_fold_3,cv_fold_3,e_is_event_day,0.0016861443516539224,0.00023452672215426595,51,10000
P4_ridge_a1_0,policy,fold_cv_fold_3,cv_fold_3,s_tier_is_rand,0.0016690011776020598,-0.00050182307609498,52,10000
P4_ridge_a1_0,policy,fold_cv_fold_3,cv_fold_3,s_parking_id__p_keerdok,0.001669001177399655,-0.0005018230760339307,53,10000
P4_ridge_a1_0,policy,fold_cv_fold_3,cv_fold_3,t_day_class_5__school_vacation,0.001402143880026754,-0.00027180933762860067,54,10000
P4_ridge_a1_0,policy,fold_cv_fold_3,cv_fold_3,e_is_other_day,0.0013226684227910445,-0.0013226684227910445,55,10000
P4_ridge_a1_0,policy,fold_cv_fold_3,cv_fold_3,t_weekday_cos,0.0013206357029066224,-0.00010655549278848717,56,10000
P4_ridge_a1_0,policy,fold_cv_fold_3,cv_fold_3,e_football_kickoff_hour_cos,0.001285344021265768,0.001285344021265768,57,10000
P4_ridge_a1_0,policy,fold_cv_fold_3,cv_fold_3,s_capacity_bucket__small,0.001266873002457892,0.0002834315250035672,58,10000
P4_ridge_a1_0,policy,fold_cv_fold_3,cv_fold_3,t_day_class_5__weekday_regular,0.001003643970602119,9.476255855554766e-05,59,10000
P4_ridge_a1_0,policy,fold_cv_fold_3,cv_fold_3,e_temp_c,0.0009496903962776985,-0.0005555416968837239,60,10000
P4_ridge_a1_0,policy,fold_cv_fold_3,cv_fold_3,e_is_sport_day,0.0008631621838911785,-0.00033623320782800244,61,10000
P4_ridge_a1_0,policy,fold_cv_fold_3,cv_fold_3,e_wind_gusts_ms,0.0007062079903834352,1.8514108538883833e-05,62,10000
P4_ridge_a1_0,policy,fold_cv_fold_3,cv_fold_3,e_int_wind_x_season__herfst,0.0006997328433250034,-0.0006068479759298682,63,10000
P4_ridge_a1_0,policy,fold_cv_fold_3,cv_fold_3,t_is_2020_regime,0.0006733079997627047,0.0006733079997627047,64,10000
P4_ridge_a1_0,policy,fold_cv_fold_3,cv_fold_3,e_is_high_wind_speed,0.0005788709050716573,2.1935725973471276e-05,65,10000
P4_ridge_a1_0,policy,fold_cv_fold_3,cv_fold_3,e_int_precip_x_season__winter,0.0005346863322473748,0.00028704118552405763,66,10000
P4_ridge_a1_0,policy,fold_cv_fold_3,cv_fold_3,e_int_wind_x_season__lente,0.00047886002380091253,-0.00047886002380091253,67,10000
P4_ridge_a1_0,policy,fold_cv_fold_3,cv_fold_3,e_is_high_wind_gust,0.0004270414320577732,-0.0001066383860042964,68,10000
P4_ridge_a1_0,policy,fold_cv_fold_3,cv_fold_3,e_is_markt_day,0.00039602354952386235,-0.00011168973291165036,69,10000
P4_ridge_a1_0,policy,fold_cv_fold_3,cv_fold_3,e_precip_mm,0.00036862393295664385,0.0001627378679579183,70,10000
P4_ridge_a1_0,policy,fold_cv_fold_3,cv_fold_3,e_int_precip_x_season__herfst,0.00035863386249354226,-0.00033506223430997963,71,10000
P4_ridge_a1_0,policy,fold_cv_fold_3,cv_fold_3,e_is_carnival_day,0.0003257787955552615,0.0003257787955552615,72,10000
P4_ridge_a1_0,policy,fold_cv_fold_3,cv_fold_3,e_precip_bin__dry,0.00027769357001600545,2.9432014706087644e-05,73,10000
P4_ridge_a1_0,policy,fold_cv_fold_3,cv_fold_3,e_is_festival_day,0.0002769315473222819,-5.1416092899695224e-05,74,10000
P4_ridge_a1_0,policy,fold_cv_fold_3,cv_fold_3,e_precip_bin__moderate,0.00027615281673231903,3.768111654090358e-05,75,10000
P4_ridge_a1_0,policy,fold_cv_fold_3,cv_fold_3,e_precip_bin__heavy,0.00026317302706491764,-0.00014828847906981686,76,10000
P4_ridge_a1_0,policy,fold_cv_fold_3,cv_fold_3,e_is_football_day,0.0002124070795985129,-0.0002124070795985129,77,10000
P4_ridge_a1_0,policy,fold_cv_fold_3,cv_fold_3,e_has_football_kickoff,0.00021240703799902736,-0.00021240703799902736,78,10000
P4_ridge_a1_0,policy,fold_cv_fold_3,cv_fold_3,e_int_precip_x_season__lente,0.0001747114678953675,-0.0001747114678953675,79,10000
P4_ridge_a1_0,policy,fold_cv_fold_3,cv_fold_3,e_precip_bin__light,0.00014566121672020683,-1.536102951737337e-05,80,10000
P4_ridge_a1_0,policy,fold_cv_fold_3,cv_fold_3,e_football_kickoff_hour_sin,6.173597781549188e-05,-6.173597781549188e-05,81,10000
P4_ridge_a1_0,policy,fold_cv_fold_3,cv_fold_3,e_int_precip_x_season__zomer,3.4874178487929025e-05,-3.4874178487929025e-05,82,10000
F3_rf_90_d12_l2,forecast,holdout,holdout,l_occ_lag_1h,0.1962988461743855,0.04106539345498578,1,30000
F3_rf_90_d12_l2,forecast,holdout,holdout,l_occ_lag_168h,0.021102623228789166,0.000747515682498838,2,30000
F3_rf_90_d12_l2,forecast,holdout,holdout,l_occ_lag_24h,0.015024832710155806,-0.00015391595728790627,3,30000
F3_rf_90_d12_l2,forecast,holdout,holdout,t_hour_sin,0.010459364167074426,-0.0007944048489297095,4,30000
F3_rf_90_d12_l2,forecast,holdout,holdout,t_hour_cos,0.010439635418690434,0.0014409368699282567,5,30000
F3_rf_90_d12_l2,forecast,holdout,holdout,s_capacity_bucket__medium,0.008402163573473979,-0.0018630136903025152,6,30000
F3_rf_90_d12_l2,forecast,holdout,holdout,l_occ_lag_delta_1h_24h,0.0014256103367451859,-0.0004117050005256532,7,30000
F3_rf_90_d12_l2,forecast,holdout,holdout,t_weekday_cos,0.001339036299166211,0.0005483025216888658,8,30000
F3_rf_90_d12_l2,forecast,holdout,holdout,e_sun_intensity_log1p,0.0013175732512462491,8.226836015535537e-05,9,30000
F3_rf_90_d12_l2,forecast,holdout,holdout,t_weekday_sin,0.0010294966096569844,-3.36083875021922e-06,10,30000
F3_rf_90_d12_l2,forecast,holdout,holdout,s_tier_is_centrum,0.0007365630164025236,-0.00035541527561185326,11,30000
F3_rf_90_d12_l2,forecast,holdout,holdout,l_occ_lag_delta_24h_168h,0.0006980365231569459,-0.00012761281414710405,12,30000
F3_rf_90_d12_l2,forecast,holdout,holdout,s_parking_id__p_grote_markt,0.0005069110032764925,0.00044239211363416594,13,30000
F3_rf_90_d12_l2,forecast,holdout,holdout,e_wind_speed_ms,0.0004679121419069969,-0.00019816658252901586,14,30000
F3_rf_90_d12_l2,forecast,holdout,holdout,e_wind_gusts_ms,0.000445358120419881,-0.00024265531134963668,15,30000
F3_rf_90_d12_l2,forecast,holdout,holdout,e_int_temp_x_season__herfst,0.00037442414793630003,-0.00019270519856914766,16,30000
F3_rf_90_d12_l2,forecast,holdout,holdout,e_int_wind_x_season__herfst,0.00037362082555224507,-0.00015401882237433152,17,30000
F3_rf_90_d12_l2,forecast,holdout,holdout,t_day_class_5__weekday_regular,0.0003721067367207786,8.478490874581815e-05,18,30000
F3_rf_90_d12_l2,forecast,holdout,holdout,s_parking_id__p_lamot,0.00036614890910386294,0.00036614890910386294,19,30000
F3_rf_90_d12_l2,forecast,holdout,holdout,s_tier_is_vesten,0.00035083974041103867,-0.00018117588896553253,20,30000
F3_rf_90_d12_l2,forecast,holdout,holdout,t_is_2020_regime,0.00034339342825326667,-7.450286735481675e-05,21,30000
F3_rf_90_d12_l2,forecast,holdout,holdout,e_temp_c_sq,0.0003355918503628165,-2.400950814431125e-05,22,30000
F3_rf_90_d12_l2,forecast,holdout,holdout,t_is_weekend,0.00030681654354678615,0.0001207146122636053,23,30000
F3_rf_90_d12_l2,forecast,holdout,holdout,e_temp_c,0.0002898489165351453,-1.1400436902359713e-05,24,30000
F3_rf_90_d12_l2,forecast,holdout,holdout,e_int_wind_x_season__zomer,0.0002785949012819224,-0.0001420960847297344,25,30000
F3_rf_90_d12_l2,forecast,holdout,holdout,s_log_total_capacity,0.0002659628807483727,8.136885416951496e-05,26,30000
F3_rf_90_d12_l2,forecast,holdout,holdout,e_int_temp_x_season__winter,0.00026515093573053935,-3.0423576579296992e-05,27,30000
F3_rf_90_d12_l2,forecast,holdout,holdout,t_month_sin,0.00025394652508665,-3.9715030234294955e-05,28,30000
F3_rf_90_d12_l2,forecast,holdout,holdout,e_hours_since_event_clip,0.0002490936693455989,-4.878049958469637e-06,29,30000
F3_rf_90_d12_l2,forecast,holdout,holdout,t_month_cos,0.0002347237106316555,-3.740392537567959e-05,30,30000
F3_rf_90_d12_l2,forecast,holdout,holdout,e_int_wind_x_season__winter,0.00023156543271684403,-8.927604918515426e-06,31,30000
F3_rf_90_d12_l2,forecast,holdout,holdout,e_event_proximity_clip,0.00022691102230231437,2.64227552356531e-06,32,30000
F3_rf_90_d12_l2,forecast,holdout,holdout,e_sun_duration_ratio,0.00021968904143275265,-1.3382535575563397e-05,33,30000
F3_rf_90_d12_l2,forecast,holdout,holdout,s_parking_id__p_kathedraal,0.00017576977472726334,-6.792563583652246e-05,34,30000
F3_rf_90_d12_l2,forecast,holdout,holdout,e_hours_to_event_clip,0.00016969175699799036,3.12857107019173e-05,35,30000
F3_rf_90_d12_l2,forecast,holdout,holdout,e_int_temp_x_season__lente,0.00016118973269859792,1.8397392561926396e-05,36,30000
F3_rf_90_d12_l2,forecast,holdout,holdout,s_parking_id__p_bruul,0.0001578966744112922,0.00010341096374971098,37,30000
F3_rf_90_d12_l2,forecast,holdout,holdout,e_int_wind_x_season__lente,0.00015566154518410408,-8.538427244347733e-06,38,30000
F3_rf_90_d12_l2,forecast,holdout,holdout,t_is_school_vacation,0.00013711055860584986,2.048556106080795e-05,39,30000
F3_rf_90_d12_l2,forecast,holdout,holdout,e_int_vacation_x_tier_centrum,0.000130256122276267,1.2839093772114111e-05,40,30000
F3_rf_90_d12_l2,forecast,holdout,holdout,e_int_precip_x_season__herfst,0.00010755371187920458,-1.120050220613934e-05,41,30000
F3_rf_90_d12_l2,forecast,holdout,holdout,e_int_event_x_tier_centrum,0.00010597032339123896,2.9410440854468258e-05,42,30000
F3_rf_90_d12_l2,forecast,holdout,holdout,t_day_class_5__weekend_regular,9.339055292831961e-05,3.518569167291782e-06,43,30000
F3_rf_90_d12_l2,forecast,holdout,holdout,e_int_temp_x_season__zomer,9.208954223394033e-05,4.695711768146579e-06,44,30000
F3_rf_90_d12_l2,forecast,holdout,holdout,s_parking_id__p_komet,9.142224383984805e-05,-5.4560074633826754e-05,45,30000
F3_rf_90_d12_l2,forecast,holdout,holdout,s_capacity_bucket__large,8.919195458817137e-05,7.917082404266066e-05,46,30000
F3_rf_90_d12_l2,forecast,holdout,holdout,s_parking_id__p_hoogstraat,8.903188906986833e-05,2.6361049056900534e-05,47,30000
F3_rf_90_d12_l2,forecast,holdout,holdout,s_capacity_bucket__small,8.872854231495585e-05,3.45666973743389e-05,48,30000
F3_rf_90_d12_l2,forecast,holdout,holdout,t_is_national_holiday,8.66117951196312e-05,-8.605005501107247e-05,49,30000
F3_rf_90_d12_l2,forecast,holdout,holdout,e_precip_mm,8.437490184889324e-05,-9.553620308902583e-06,50,30000
F3_rf_90_d12_l2,forecast,holdout,holdout,e_event_window_pre_24h,7.498539518084026e-05,1.6528767391131937e-05,51,30000
F3_rf_90_d12_l2,forecast,holdout,holdout,s_tier_is_rand,7.00160129313097e-05,1.8253619312790073e-05,52,30000
F3_rf_90_d12_l2,forecast,holdout,holdout,t_day_class_5__school_vacation,6.464862682575094e-05,1.140249842246636e-06,53,30000
F3_rf_90_d12_l2,forecast,holdout,holdout,e_is_other_day,6.317979779524866e-05,1.7702233438770614e-05,54,30000
F3_rf_90_d12_l2,forecast,holdout,holdout,e_event_window_post_24h,5.9046582820014076e-05,-1.8213739758794175e-06,55,30000
F3_rf_90_d12_l2,forecast,holdout,holdout,s_parking_id__p_keerdok,5.764526749311543e-05,-7.790755973357874e-07,56,30000
F3_rf_90_d12_l2,forecast,holdout,holdout,e_event_scale_max,5.582884207210801e-05,7.314923949825052e-07,57,30000
F3_rf_90_d12_l2,forecast,holdout,holdout,e_is_kermis_day,4.695232943783653e-05,3.2892561629907246e-07,58,30000
F3_rf_90_d12_l2,forecast,holdout,holdout,e_int_precip_x_season__winter,4.528775927763744e-05,5.699185755534477e-06,59,30000
F3_rf_90_d12_l2,forecast,holdout,holdout,e_is_festival_day,3.975800964824278e-05,7.964077409067402e-06,60,30000
F3_rf_90_d12_l2,forecast,holdout,holdout,e_is_sport_day,3.663240379773542e-05,-6.446709140529511e-06,61,30000
F3_rf_90_d12_l2,forecast,holdout,holdout,e_event_scale_is_large,3.4906645576820064e-05,-1.928371211442662e-06,62,30000
F3_rf_90_d12_l2,forecast,holdout,holdout,e_precip_bin__moderate,3.2727405357421735e-05,-1.0240121375234364e-05,63,30000
F3_rf_90_d12_l2,forecast,holdout,holdout,e_int_precip_x_season__lente,3.227240965352814e-05,1.0183415474734605e-05,64,30000
F3_rf_90_d12_l2,forecast,holdout,holdout,e_int_holiday_x_tier_centrum,2.9881119573197112e-05,-5.245902905465239e-06,65,30000
F3_rf_90_d12_l2,forecast,holdout,holdout,e_n_concurrent_events,2.977990349737215e-05,-3.5317985450913177e-06,66,30000
F3_rf_90_d12_l2,forecast,holdout,holdout,e_football_kickoff_hour_cos,2.6967719481467847e-05,1.5756524801274923e-05,67,30000
F3_rf_90_d12_l2,forecast,holdout,holdout,t_season__zomer,2.4758126620154167e-05,1.807439150579708e-06,68,30000
F3_rf_90_d12_l2,forecast,holdout,holdout,e_precip_bin__dry,2.3089322674562934e-05,4.981695645132894e-06,69,30000
F3_rf_90_d12_l2,forecast,holdout,holdout,t_season__herfst,2.006173385428481e-05,-5.776483497984868e-06,70,30000
F3_rf_90_d12_l2,forecast,holdout,holdout,e_n_concurrent_events_capped,1.968187199779347e-05,1.912190175504588e-06,71,30000
F3_rf_90_d12_l2,forecast,holdout,holdout,t_season__winter,1.7782724694835e-05,-4.353395876925343e-06,72,30000
F3_rf_90_d12_l2,forecast,holdout,holdout,e_precip_bin__light,1.732985827899734e-05,-2.9748183678774925e-07,73,30000
F3_rf_90_d12_l2,forecast,holdout,holdout,t_day_class_5__holiday,1.7196196460726186e-05,3.4673772281568485e-06,74,30000
F3_rf_90_d12_l2,forecast,holdout,holdout,t_is_other_holiday,1.5614373570911096e-05,5.131564773248115e-06,75,30000
F3_rf_90_d12_l2,forecast,holdout,holdout,e_is_markt_day,1.530974417100258e-05,-4.61262419306266e-06,76,30000
F3_rf_90_d12_l2,forecast,holdout,holdout,e_football_kickoff_hour_sin,1.5289086923392108e-05,8.58780092426621e-06,77,30000
F3_rf_90_d12_l2,forecast,holdout,holdout,e_is_procession_day,1.5091453162878348e-05,4.707476522208281e-06,78,30000
F3_rf_90_d12_l2,forecast,holdout,holdout,t_season__lente,1.4129022044816755e-05,9.346054413943116e-07,79,30000
F3_rf_90_d12_l2,forecast,holdout,holdout,t_is_any_holiday,1.2516730405625905e-05,-6.264316714921003e-06,80,30000
F3_rf_90_d12_l2,forecast,holdout,holdout,e_int_precip_x_season__zomer,1.2441231630526429e-05,2.2842271123501327e-06,81,30000
F3_rf_90_d12_l2,forecast,holdout,holdout,e_is_carnival_day,1.174767926418664e-05,3.331373982339025e-06,82,30000
F3_rf_90_d12_l2,forecast,holdout,holdout,e_is_high_wind_speed,1.0469476192210913e-05,1.3879877488157644e-06,83,30000
F3_rf_90_d12_l2,forecast,holdout,holdout,e_is_high_wind_gust,8.465553168790084e-06,-1.688537545713105e-07,84,30000
F3_rf_90_d12_l2,forecast,holdout,holdout,e_is_football_day,8.156049966583588e-06,4.90411552475362e-06,85,30000
F3_rf_90_d12_l2,forecast,holdout,holdout,e_is_event_day,7.3523331582679226e-06,-1.4116277117821782e-06,86,30000
F3_rf_90_d12_l2,forecast,holdout,holdout,t_day_class_5__event_day,7.271446003784576e-06,4.170427509915125e-06,87,30000
F3_rf_90_d12_l2,forecast,holdout,holdout,e_has_football_kickoff,6.414183617495668e-06,2.1667802724649374e-06,88,30000
F3_rf_90_d12_l2,forecast,holdout,holdout,e_precip_bin__heavy,4.584580626506586e-06,-2.5675182789064074e-06,89,30000
F3_rf_90_d12_l2,forecast,holdout,holdout,s_parking_id__p_veemarkt,0.0,0.0,90,30000
F3_rf_90_d12_l2,forecast,holdout,holdout,s_parking_id__p_tinel,0.0,0.0,91,30000
F3_rf_90_d12_l2,forecast,holdout,holdout,s_parking_id__p_maarten,0.0,0.0,92,30000
F3_rf_90_d12_l2,forecast,fold_cv_fold_1,cv_fold_1,l_occ_lag_1h,0.15521326671967822,0.0463069650946273,1,8531
F3_rf_90_d12_l2,forecast,fold_cv_fold_1,cv_fold_1,l_occ_lag_168h,0.019704560978428334,0.004197081029288326,2,8531
F3_rf_90_d12_l2,forecast,fold_cv_fold_1,cv_fold_1,l_occ_lag_24h,0.01606777664284422,0.005197522922417851,3,8531
F3_rf_90_d12_l2,forecast,fold_cv_fold_1,cv_fold_1,t_hour_sin,0.008640203814446974,0.00044674779076479674,4,8531
F3_rf_90_d12_l2,forecast,fold_cv_fold_1,cv_fold_1,s_log_total_capacity,0.006328851890716755,-0.00227426745053469,5,8531
F3_rf_90_d12_l2,forecast,fold_cv_fold_1,cv_fold_1,t_hour_cos,0.005988934365405057,0.001333091364820024,6,8531
F3_rf_90_d12_l2,forecast,fold_cv_fold_1,cv_fold_1,t_is_2020_regime,0.005021615210016499,0.001222714481608732,7,8531
F3_rf_90_d12_l2,forecast,fold_cv_fold_1,cv_fold_1,s_parking_id__p_grote_markt,0.0017760494092231387,0.00029631157326556095,8,8531
F3_rf_90_d12_l2,forecast,fold_cv_fold_1,cv_fold_1,l_occ_lag_delta_1h_24h,0.001344618484746032,0.0002839913500947411,9,8531
F3_rf_90_d12_l2,forecast,fold_cv_fold_1,cv_fold_1,l_occ_lag_delta_24h_168h,0.0010859868648455209,0.00019295190897551114,10,8531
F3_rf_90_d12_l2,forecast,fold_cv_fold_1,cv_fold_1,e_sun_intensity_log1p,0.001030008247468374,0.00022794421342363675,11,8531
F3_rf_90_d12_l2,forecast,fold_cv_fold_1,cv_fold_1,t_weekday_sin,0.0009272118652736346,-4.563090335643214e-05,12,8531
F3_rf_90_d12_l2,forecast,fold_cv_fold_1,cv_fold_1,s_capacity_bucket__medium,0.0008525491412590734,-0.0004284135242441181,13,8531
F3_rf_90_d12_l2,forecast,fold_cv_fold_1,cv_fold_1,s_parking_id__p_kathedraal,0.0007088768078116233,-0.00012981852650781266,14,8531
F3_rf_90_d12_l2,forecast,fold_cv_fold_1,cv_fold_1,t_weekday_cos,0.000667582155738089,5.720222349555167e-05,15,8531
F3_rf_90_d12_l2,forecast,fold_cv_fold_1,cv_fold_1,s_capacity_bucket__small,0.0005727039848860695,0.000319233324069444,16,8531
F3_rf_90_d12_l2,forecast,fold_cv_fold_1,cv_fold_1,e_hours_since_event_clip,0.0005066400780089035,-7.126600226063706e-05,17,8531
F3_rf_90_d12_l2,forecast,fold_cv_fold_1,cv_fold_1,e_temp_c,0.0004994333258201937,7.017359713095146e-05,18,8531
F3_rf_90_d12_l2,forecast,fold_cv_fold_1,cv_fold_1,e_temp_c_sq,0.0004505631930798958,4.771726671679285e-05,19,8531
F3_rf_90_d12_l2,forecast,fold_cv_fold_1,cv_fold_1,s_parking_id__p_lamot,0.0004475305386845426,-0.00043315541476865026,20,8531
F3_rf_90_d12_l2,forecast,fold_cv_fold_1,cv_fold_1,e_wind_speed_ms,0.0003421041010518004,1.116041118213266e-05,21,8531
F3_rf_90_d12_l2,forecast,fold_cv_fold_1,cv_fold_1,e_int_temp_x_season__lente,0.0003346938907852163,6.994548750630171e-05,22,8531
F3_rf_90_d12_l2,forecast,fold_cv_fold_1,cv_fold_1,e_wind_gusts_ms,0.0003301810153568937,2.346772845718353e-05,23,8531
F3_rf_90_d12_l2,forecast,fold_cv_fold_1,cv_fold_1,e_int_wind_x_season__lente,0.0003242239647315488,0.00011380471014438107,24,8531
F3_rf_90_d12_l2,forecast,fold_cv_fold_1,cv_fold_1,e_event_proximity_clip,0.0003096248197742841,-1.452123570185651e-05,25,8531
F3_rf_90_d12_l2,forecast,fold_cv_fold_1,cv_fold_1,s_tier_is_centrum,0.00028692143186103097,-8.832599923200593e-05,26,8531
F3_rf_90_d12_l2,forecast,fold_cv_fold_1,cv_fold_1,t_is_weekend,0.0002845482497165027,3.134387764474167e-05,27,8531
F3_rf_90_d12_l2,forecast,fold_cv_fold_1,cv_fold_1,s_parking_id__p_veemarkt,0.00028322121194091746,0.00023793311588449188,28,8531
F3_rf_90_d12_l2,forecast,fold_cv_fold_1,cv_fold_1,t_month_sin,0.00026477556145770403,-2.5854771366016512e-05,29,8531
F3_rf_90_d12_l2,forecast,fold_cv_fold_1,cv_fold_1,t_day_class_5__weekday_regular,0.0002469775764659112,-8.527446743584092e-06,30,8531
F3_rf_90_d12_l2,forecast,fold_cv_fold_1,cv_fold_1,t_month_cos,0.0002327222698909867,4.80577714749086e-05,31,8531
F3_rf_90_d12_l2,forecast,fold_cv_fold_1,cv_fold_1,e_int_temp_x_season__winter,0.0002228781663751838,6.117226141122986e-05,32,8531
F3_rf_90_d12_l2,forecast,fold_cv_fold_1,cv_fold_1,e_int_wind_x_season__winter,0.0002146564085972424,-3.0292005438503134e-05,33,8531
F3_rf_90_d12_l2,forecast,fold_cv_fold_1,cv_fold_1,e_sun_duration_ratio,0.00021128180722676727,4.1057687196011924e-05,34,8531
F3_rf_90_d12_l2,forecast,fold_cv_fold_1,cv_fold_1,t_is_school_vacation,0.00019338766198750658,7.978158510162561e-05,35,8531
F3_rf_90_d12_l2,forecast,fold_cv_fold_1,cv_fold_1,e_int_wind_x_season__herfst,0.00018820845059762623,-6.328484204488275e-05,36,8531
F3_rf_90_d12_l2,forecast,fold_cv_fold_1,cv_fold_1,e_hours_to_event_clip,0.00017607103912291522,4.745629391722461e-06,37,8531
F3_rf_90_d12_l2,forecast,fold_cv_fold_1,cv_fold_1,s_parking_id__p_tinel,0.0001623395738117798,-0.00010911454564796545,38,8531
F3_rf_90_d12_l2,forecast,fold_cv_fold_1,cv_fold_1,s_tier_is_vesten,0.00015739365160166924,1.7784903558492554e-06,39,8531
F3_rf_90_d12_l2,forecast,fold_cv_fold_1,cv_fold_1,e_int_temp_x_season__herfst,0.00014843196276379686,-5.746953107862775e-06,40,8531
F3_rf_90_d12_l2,forecast,fold_cv_fold_1,cv_fold_1,t_day_class_5__weekend_regular,0.00012528225296565038,8.577956761307182e-06,41,8531
F3_rf_90_d12_l2,forecast,fold_cv_fold_1,cv_fold_1,e_int_event_x_tier_centrum,0.00011084626436310861,8.141284432010727e-06,42,8531
F3_rf_90_d12_l2,forecast,fold_cv_fold_1,cv_fold_1,e_int_wind_x_season__zomer,0.0001010250094633015,-9.56822484306552e-06,43,8531
F3_rf_90_d12_l2,forecast,fold_cv_fold_1,cv_fold_1,e_int_temp_x_season__zomer,9.52842476436996e-05,-3.3943307751155685e-05,44,8531
F3_rf_90_d12_l2,forecast,fold_cv_fold_1,cv_fold_1,e_event_window_post_24h,9.47561562329895e-05,-4.081637460885063e-05,45,8531
F3_rf_90_d12_l2,forecast,fold_cv_fold_1,cv_fold_1,e_precip_mm,8.903461812829996e-05,2.283733800652254e-06,46,8531
F3_rf_90_d12_l2,forecast,fold_cv_fold_1,cv_fold_1,s_parking_id__p_bruul,7.835758641811014e-05,6.0075813864466844e-05,47,8531
F3_rf_90_d12_l2,forecast,fold_cv_fold_1,cv_fold_1,e_int_vacation_x_tier_centrum,7.604568834286773e-05,2.568223130024245e-05,48,8531
F3_rf_90_d12_l2,forecast,fold_cv_fold_1,cv_fold_1,e_int_precip_x_season__lente,7.137828972520381e-05,-6.247330860337719e-06,49,8531
F3_rf_90_d12_l2,forecast,fold_cv_fold_1,cv_fold_1,e_int_precip_x_season__winter,6.860724329602978e-05,1.3395832711879083e-05,50,8531
F3_rf_90_d12_l2,forecast,fold_cv_fold_1,cv_fold_1,s_capacity_bucket__large,6.709291005103961e-05,-4.4352638741096376e-05,51,8531
F3_rf_90_d12_l2,forecast,fold_cv_fold_1,cv_fold_1,e_is_kermis_day,6.065201871526153e-05,6.946689038489071e-06,52,8531
F3_rf_90_d12_l2,forecast,fold_cv_fold_1,cv_fold_1,e_int_precip_x_season__herfst,5.296012089443959e-05,-2.1133675786584e-05,53,8531
F3_rf_90_d12_l2,forecast,fold_cv_fold_1,cv_fold_1,t_is_national_holiday,4.9917979143989456e-05,5.867573097827634e-06,54,8531
F3_rf_90_d12_l2,forecast,fold_cv_fold_1,cv_fold_1,e_int_holiday_x_tier_centrum,4.726314618342767e-05,-6.057569065906048e-06,55,8531
F3_rf_90_d12_l2,forecast,fold_cv_fold_1,cv_fold_1,e_event_window_pre_24h,4.642155227133977e-05,3.815991842163207e-06,56,8531
F3_rf_90_d12_l2,forecast,fold_cv_fold_1,cv_fold_1,e_precip_bin__light,4.399769792217622e-05,1.6745774622765982e-05,57,8531
F3_rf_90_d12_l2,forecast,fold_cv_fold_1,cv_fold_1,t_day_class_5__school_vacation,4.240381765904703e-05,6.658206029530637e-06,58,8531
F3_rf_90_d12_l2,forecast,fold_cv_fold_1,cv_fold_1,e_n_concurrent_events,3.842568730145087e-05,-3.659489225512337e-06,59,8531
F3_rf_90_d12_l2,forecast,fold_cv_fold_1,cv_fold_1,e_event_scale_is_large,3.516995205655949e-05,2.9994152267348206e-06,60,8531
F3_rf_90_d12_l2,forecast,fold_cv_fold_1,cv_fold_1,e_event_scale_max,3.331523435129788e-05,-3.7038731475337285e-06,61,8531
F3_rf_90_d12_l2,forecast,fold_cv_fold_1,cv_fold_1,e_football_kickoff_hour_sin,3.1176056429836614e-05,-2.7365277106712414e-07,62,8531
F3_rf_90_d12_l2,forecast,fold_cv_fold_1,cv_fold_1,t_is_any_holiday,3.0887197952897595e-05,-7.180586448995215e-06,63,8531
F3_rf_90_d12_l2,forecast,fold_cv_fold_1,cv_fold_1,t_season__winter,2.9374476385942776e-05,5.123703748538714e-07,64,8531
F3_rf_90_d12_l2,forecast,fold_cv_fold_1,cv_fold_1,e_is_carnival_day,2.7994006998769416e-05,8.322057294091767e-06,65,8531
F3_rf_90_d12_l2,forecast,fold_cv_fold_1,cv_fold_1,e_precip_bin__moderate,2.719729534868179e-05,-2.892741099358421e-07,66,8531
F3_rf_90_d12_l2,forecast,fold_cv_fold_1,cv_fold_1,e_is_sport_day,2.4972385613819014e-05,-1.6651996838375632e-07,67,8531
F3_rf_90_d12_l2,forecast,fold_cv_fold_1,cv_fold_1,t_day_class_5__holiday,2.4674616390769258e-05,-1.517641458375023e-06,68,8531
F3_rf_90_d12_l2,forecast,fold_cv_fold_1,cv_fold_1,s_tier_is_rand,2.1302783911198646e-05,-8.315044362110674e-06,69,8531
F3_rf_90_d12_l2,forecast,fold_cv_fold_1,cv_fold_1,t_season__herfst,1.9906287151440815e-05,7.485249857133061e-06,70,8531
F3_rf_90_d12_l2,forecast,fold_cv_fold_1,cv_fold_1,e_precip_bin__dry,1.9553962416647943e-05,-9.59709722113644e-07,71,8531
F3_rf_90_d12_l2,forecast,fold_cv_fold_1,cv_fold_1,s_parking_id__p_keerdok,1.9357726766529005e-05,-1.0189430286351277e-05,72,8531
F3_rf_90_d12_l2,forecast,fold_cv_fold_1,cv_fold_1,t_season__lente,1.890444537732898e-05,1.8146699506056697e-06,73,8531
F3_rf_90_d12_l2,forecast,fold_cv_fold_1,cv_fold_1,t_is_other_holiday,1.8771354328219736e-05,-2.4857493624350843e-06,74,8531
F3_rf_90_d12_l2,forecast,fold_cv_fold_1,cv_fold_1,e_n_concurrent_events_capped,1.820593996483929e-05,-1.0610855533296056e-06,75,8531
F3_rf_90_d12_l2,forecast,fold_cv_fold_1,cv_fold_1,e_is_high_wind_speed,1.7817891779881076e-05,-6.395216809207175e-06,76,8531
F3_rf_90_d12_l2,forecast,fold_cv_fold_1,cv_fold_1,e_football_kickoff_hour_cos,1.6571582401075508e-05,-2.4573890011669864e-06,77,8531
F3_rf_90_d12_l2,forecast,fold_cv_fold_1,cv_fold_1,e_is_high_wind_gust,1.575589712898357e-05,6.994268320835362e-06,78,8531
F3_rf_90_d12_l2,forecast,fold_cv_fold_1,cv_fold_1,t_season__zomer,1.562668236641009e-05,-2.7164388548793893e-06,79,8531
F3_rf_90_d12_l2,forecast,fold_cv_fold_1,cv_fold_1,t_day_class_5__event_day,1.4452538795394842e-05,-3.283685085615668e-06,80,8531
F3_rf_90_d12_l2,forecast,fold_cv_fold_1,cv_fold_1,e_is_event_day,1.3691417566383168e-05,1.0976748725376e-06,81,8531
F3_rf_90_d12_l2,forecast,fold_cv_fold_1,cv_fold_1,e_int_precip_x_season__zomer,1.1126546846206624e-05,9.753178487437867e-06,82,8531
F3_rf_90_d12_l2,forecast,fold_cv_fold_1,cv_fold_1,s_parking_id__p_hoogstraat,9.477627455913266e-06,-8.151572648424524e-06,83,8531
F3_rf_90_d12_l2,forecast,fold_cv_fold_1,cv_fold_1,e_is_procession_day,8.329709999692098e-06,-2.505879372235676e-06,84,8531
F3_rf_90_d12_l2,forecast,fold_cv_fold_1,cv_fold_1,e_is_markt_day,7.821922007213115e-06,-1.5792730887636865e-06,85,8531
F3_rf_90_d12_l2,forecast,fold_cv_fold_1,cv_fold_1,e_is_festival_day,7.777321196167548e-06,-4.176322551185855e-06,86,8531
F3_rf_90_d12_l2,forecast,fold_cv_fold_1,cv_fold_1,e_is_football_day,7.0786370335608225e-06,-1.7468919158703943e-06,87,8531
F3_rf_90_d12_l2,forecast,fold_cv_fold_1,cv_fold_1,e_has_football_kickoff,6.612407115069654e-06,-1.2955383178833712e-06,88,8531
F3_rf_90_d12_l2,forecast,fold_cv_fold_1,cv_fold_1,e_precip_bin__heavy,3.572890995767051e-06,1.8166120122655756e-06,89,8531
F3_rf_90_d12_l2,forecast,fold_cv_fold_1,cv_fold_1,e_is_other_day,3.516050772731267e-06,3.2591241305144825e-07,90,8531
F3_rf_90_d12_l2,forecast,fold_cv_fold_1,cv_fold_1,s_parking_id__p_maarten,0.0,0.0,91,8531
F3_rf_90_d12_l2,forecast,fold_cv_fold_1,cv_fold_1,s_parking_id__p_komet,0.0,0.0,92,8531
F3_rf_90_d12_l2,forecast,fold_cv_fold_2,cv_fold_2,l_occ_lag_1h,0.1498593637631225,0.08781414459315412,1,8065
F3_rf_90_d12_l2,forecast,fold_cv_fold_2,cv_fold_2,l_occ_lag_168h,0.02917463711097149,0.012836589055897999,2,8065
F3_rf_90_d12_l2,forecast,fold_cv_fold_2,cv_fold_2,l_occ_lag_24h,0.020989178212228454,0.011976215920668519,3,8065
F3_rf_90_d12_l2,forecast,fold_cv_fold_2,cv_fold_2,t_hour_sin,0.006187232914864798,-0.0012381252186034,4,8065
F3_rf_90_d12_l2,forecast,fold_cv_fold_2,cv_fold_2,t_hour_cos,0.005434246111806257,0.003046180235619469,5,8065
F3_rf_90_d12_l2,forecast,fold_cv_fold_2,cv_fold_2,s_log_total_capacity,0.005404418598327968,-0.0003778707851571431,6,8065
F3_rf_90_d12_l2,forecast,fold_cv_fold_2,cv_fold_2,l_occ_lag_delta_1h_24h,0.002116545055159906,0.0005440945845787282,7,8065
F3_rf_90_d12_l2,forecast,fold_cv_fold_2,cv_fold_2,s_parking_id__p_veemarkt,0.0017602853045491466,0.0013676551256470233,8,8065
F3_rf_90_d12_l2,forecast,fold_cv_fold_2,cv_fold_2,t_is_2020_regime,0.001505246834193171,0.00016048791138109433,9,8065
F3_rf_90_d12_l2,forecast,fold_cv_fold_2,cv_fold_2,s_parking_id__p_grote_markt,0.0013432953261887147,-0.0005450330626163291,10,8065
F3_rf_90_d12_l2,forecast,fold_cv_fold_2,cv_fold_2,t_weekday_cos,0.0009644606890806929,7.266419537837469e-05,11,8065
F3_rf_90_d12_l2,forecast,fold_cv_fold_2,cv_fold_2,t_weekday_sin,0.0008869568536803108,0.00015838921545849213,12,8065
F3_rf_90_d12_l2,forecast,fold_cv_fold_2,cv_fold_2,e_sun_intensity_log1p,0.0008831959356162568,0.0002261076943990402,13,8065
F3_rf_90_d12_l2,forecast,fold_cv_fold_2,cv_fold_2,l_occ_lag_delta_24h_168h,0.0007570569472171254,0.0001929692725471778,14,8065
F3_rf_90_d12_l2,forecast,fold_cv_fold_2,cv_fold_2,s_capacity_bucket__medium,0.0006789613706470198,0.00043489201714770457,15,8065
F3_rf_90_d12_l2,forecast,fold_cv_fold_2,cv_fold_2,s_tier_is_centrum,0.0006136116024290844,0.0003792976466199771,16,8065
F3_rf_90_d12_l2,forecast,fold_cv_fold_2,cv_fold_2,s_capacity_bucket__small,0.0005839445452543949,0.00047948808383797825,17,8065
F3_rf_90_d12_l2,forecast,fold_cv_fold_2,cv_fold_2,e_hours_since_event_clip,0.0004805280856962316,-1.8604422867292015e-05,18,8065
F3_rf_90_d12_l2,forecast,fold_cv_fold_2,cv_fold_2,e_temp_c,0.0004085459517235673,-1.3360784232404088e-05,19,8065
F3_rf_90_d12_l2,forecast,fold_cv_fold_2,cv_fold_2,e_temp_c_sq,0.00036557088580063473,2.0446051451769274e-05,20,8065
F3_rf_90_d12_l2,forecast,fold_cv_fold_2,cv_fold_2,e_wind_speed_ms,0.000349047397659564,4.044098177728625e-05,21,8065
F3_rf_90_d12_l2,forecast,fold_cv_fold_2,cv_fold_2,s_parking_id__p_kathedraal,0.00034184638073778595,-0.0001854479375374823,22,8065
F3_rf_90_d12_l2,forecast,fold_cv_fold_2,cv_fold_2,e_wind_gusts_ms,0.0003413962991762591,1.1768902065989129e-05,23,8065
F3_rf_90_d12_l2,forecast,fold_cv_fold_2,cv_fold_2,s_parking_id__p_tinel,0.0003378405095449763,-0.0003205141392815795,24,8065
F3_rf_90_d12_l2,forecast,fold_cv_fold_2,cv_fold_2,t_month_sin,0.0003203118363504061,-4.3914374202983985e-06,25,8065
F3_rf_90_d12_l2,forecast,fold_cv_fold_2,cv_fold_2,e_int_wind_x_season__lente,0.0003112071325527122,-2.780811121478931e-05,26,8065
F3_rf_90_d12_l2,forecast,fold_cv_fold_2,cv_fold_2,e_int_temp_x_season__lente,0.00029574056217109636,3.0802904231926564e-06,27,8065
F3_rf_90_d12_l2,forecast,fold_cv_fold_2,cv_fold_2,t_month_cos,0.0002883823870032594,6.084062188887621e-05,28,8065
F3_rf_90_d12_l2,forecast,fold_cv_fold_2,cv_fold_2,t_day_class_5__weekday_regular,0.00028152501923429653,-7.567405384963447e-06,29,8065
F3_rf_90_d12_l2,forecast,fold_cv_fold_2,cv_fold_2,t_is_weekend,0.00024543288741055814,8.969041915121531e-05,30,8065
F3_rf_90_d12_l2,forecast,fold_cv_fold_2,cv_fold_2,e_event_proximity_clip,0.00024091794097293718,1.6631517854105087e-06,31,8065
F3_rf_90_d12_l2,forecast,fold_cv_fold_2,cv_fold_2,e_sun_duration_ratio,0.00023611555558237783,2.1225746176081123e-05,32,8065
F3_rf_90_d12_l2,forecast,fold_cv_fold_2,cv_fold_2,e_int_temp_x_season__winter,0.0002357746016508946,4.1968415434277394e-05,33,8065
F3_rf_90_d12_l2,forecast,fold_cv_fold_2,cv_fold_2,e_int_wind_x_season__winter,0.0002344430974701887,1.3202399607503844e-05,34,8065
F3_rf_90_d12_l2,forecast,fold_cv_fold_2,cv_fold_2,e_int_wind_x_season__herfst,0.00019599478997347737,-2.4395663931444872e-05,35,8065
F3_rf_90_d12_l2,forecast,fold_cv_fold_2,cv_fold_2,s_parking_id__p_lamot,0.00019191662296880196,-7.592011256697616e-05,36,8065
F3_rf_90_d12_l2,forecast,fold_cv_fold_2,cv_fold_2,e_hours_to_event_clip,0.0001856652738932165,3.2273793597555504e-06,37,8065
F3_rf_90_d12_l2,forecast,fold_cv_fold_2,cv_fold_2,s_tier_is_vesten,0.00017611928807620216,0.00010964784635122234,38,8065
F3_rf_90_d12_l2,forecast,fold_cv_fold_2,cv_fold_2,e_int_temp_x_season__herfst,0.00014624377134403522,1.7360772762978452e-07,39,8065
F3_rf_90_d12_l2,forecast,fold_cv_fold_2,cv_fold_2,t_is_school_vacation,0.00014124934456511922,6.892950282579719e-07,40,8065
F3_rf_90_d12_l2,forecast,fold_cv_fold_2,cv_fold_2,e_int_event_x_tier_centrum,0.00012578197749835209,-2.7008674689015322e-05,41,8065
F3_rf_90_d12_l2,forecast,fold_cv_fold_2,cv_fold_2,t_day_class_5__weekend_regular,0.00010352039285422345,-1.6169298604291188e-06,42,8065
F3_rf_90_d12_l2,forecast,fold_cv_fold_2,cv_fold_2,e_int_precip_x_season__lente,0.00010325608060179714,-2.9601564317487908e-05,43,8065
F3_rf_90_d12_l2,forecast,fold_cv_fold_2,cv_fold_2,s_parking_id__p_hoogstraat,0.00010257937765366983,8.286725697476588e-05,44,8065
F3_rf_90_d12_l2,forecast,fold_cv_fold_2,cv_fold_2,e_int_wind_x_season__zomer,9.740214593005188e-05,1.9581903396706347e-05,45,8065
F3_rf_90_d12_l2,forecast,fold_cv_fold_2,cv_fold_2,e_event_window_post_24h,9.492169377807298e-05,-1.784894063309148e-06,46,8065
F3_rf_90_d12_l2,forecast,fold_cv_fold_2,cv_fold_2,e_precip_mm,9.376346153662418e-05,1.4622488030770137e-05,47,8065
F3_rf_90_d12_l2,forecast,fold_cv_fold_2,cv_fold_2,t_is_national_holiday,7.731633815433128e-05,1.6718989552272435e-07,48,8065
F3_rf_90_d12_l2,forecast,fold_cv_fold_2,cv_fold_2,e_event_window_pre_24h,7.41713040069067e-05,8.338833223403953e-06,49,8065
F3_rf_90_d12_l2,forecast,fold_cv_fold_2,cv_fold_2,e_int_temp_x_season__zomer,7.353585560451342e-05,-1.0889377682056567e-05,50,8065
F3_rf_90_d12_l2,forecast,fold_cv_fold_2,cv_fold_2,e_int_vacation_x_tier_centrum,7.273737375544816e-05,8.627541614839736e-06,51,8065
F3_rf_90_d12_l2,forecast,fold_cv_fold_2,cv_fold_2,e_int_precip_x_season__winter,6.453721377244974e-05,2.0682943413567278e-05,52,8065
F3_rf_90_d12_l2,forecast,fold_cv_fold_2,cv_fold_2,e_is_kermis_day,5.2297001231190616e-05,-2.2257833379063197e-06,53,8065
F3_rf_90_d12_l2,forecast,fold_cv_fold_2,cv_fold_2,e_int_precip_x_season__herfst,4.83426079842767e-05,-1.6034980586278774e-05,54,8065
F3_rf_90_d12_l2,forecast,fold_cv_fold_2,cv_fold_2,t_day_class_5__school_vacation,4.714004162996613e-05,-9.303035323185587e-06,55,8065
F3_rf_90_d12_l2,forecast,fold_cv_fold_2,cv_fold_2,e_event_scale_max,3.582763957311551e-05,2.727614475852875e-06,56,8065
F3_rf_90_d12_l2,forecast,fold_cv_fold_2,cv_fold_2,s_capacity_bucket__large,3.447262771787603e-05,-1.1055778075615475e-05,57,8065
F3_rf_90_d12_l2,forecast,fold_cv_fold_2,cv_fold_2,e_football_kickoff_hour_cos,3.3555929185910655e-05,1.0976233799444051e-05,58,8065
F3_rf_90_d12_l2,forecast,fold_cv_fold_2,cv_fold_2,e_precip_bin__light,3.326514313281638e-05,1.3225997439661798e-06,59,8065
F3_rf_90_d12_l2,forecast,fold_cv_fold_2,cv_fold_2,e_n_concurrent_events,3.3049936429296696e-05,-8.667452257360488e-06,60,8065
F3_rf_90_d12_l2,forecast,fold_cv_fold_2,cv_fold_2,t_is_any_holiday,3.2135083297856836e-05,7.836724405398543e-07,61,8065
F3_rf_90_d12_l2,forecast,fold_cv_fold_2,cv_fold_2,e_int_holiday_x_tier_centrum,2.969207994650653e-05,-2.2120994700149988e-05,62,8065
F3_rf_90_d12_l2,forecast,fold_cv_fold_2,cv_fold_2,t_season__lente,2.7355284447355652e-05,-3.3599847801548472e-06,63,8065
F3_rf_90_d12_l2,forecast,fold_cv_fold_2,cv_fold_2,e_is_festival_day,2.6198773071553654e-05,-2.197604878338966e-05,64,8065
F3_rf_90_d12_l2,forecast,fold_cv_fold_2,cv_fold_2,e_football_kickoff_hour_sin,2.5159681484723393e-05,4.440378442613496e-06,65,8065
F3_rf_90_d12_l2,forecast,fold_cv_fold_2,cv_fold_2,e_event_scale_is_large,2.3645946836206002e-05,-2.289437825894911e-06,66,8065
F3_rf_90_d12_l2,forecast,fold_cv_fold_2,cv_fold_2,e_precip_bin__moderate,2.3219564208989457e-05,-6.2990357921367395e-06,67,8065
F3_rf_90_d12_l2,forecast,fold_cv_fold_2,cv_fold_2,e_is_other_day,2.303043952868479e-05,-2.1438764381895548e-06,68,8065
F3_rf_90_d12_l2,forecast,fold_cv_fold_2,cv_fold_2,t_day_class_5__holiday,2.270064409865194e-05,1.6563230081089885e-06,69,8065
F3_rf_90_d12_l2,forecast,fold_cv_fold_2,cv_fold_2,s_parking_id__p_bruul,2.2495119117057964e-05,1.4706672595605036e-05,70,8065
F3_rf_90_d12_l2,forecast,fold_cv_fold_2,cv_fold_2,t_season__winter,2.2394479510148676e-05,1.0232263117828353e-06,71,8065
F3_rf_90_d12_l2,forecast,fold_cv_fold_2,cv_fold_2,e_precip_bin__dry,2.2251792694030944e-05,-5.435873980772908e-07,72,8065
F3_rf_90_d12_l2,forecast,fold_cv_fold_2,cv_fold_2,e_is_sport_day,2.1424664529058846e-05,3.219657171281026e-06,73,8065
F3_rf_90_d12_l2,forecast,fold_cv_fold_2,cv_fold_2,t_season__herfst,2.0390175267154227e-05,-2.0270080809896004e-06,74,8065
F3_rf_90_d12_l2,forecast,fold_cv_fold_2,cv_fold_2,e_is_football_day,1.796478181513935e-05,2.974787081864917e-06,75,8065
F3_rf_90_d12_l2,forecast,fold_cv_fold_2,cv_fold_2,s_tier_is_rand,1.6881582083285428e-05,-1.6490247358959839e-06,76,8065
F3_rf_90_d12_l2,forecast,fold_cv_fold_2,cv_fold_2,e_is_carnival_day,1.4494103434042256e-05,-3.0094298201366464e-06,77,8065
F3_rf_90_d12_l2,forecast,fold_cv_fold_2,cv_fold_2,s_parking_id__p_keerdok,1.4306797998372122e-05,2.599500798945035e-06,78,8065
F3_rf_90_d12_l2,forecast,fold_cv_fold_2,cv_fold_2,t_day_class_5__event_day,1.3845657978241804e-05,-6.877303137967684e-06,79,8065
F3_rf_90_d12_l2,forecast,fold_cv_fold_2,cv_fold_2,e_is_high_wind_speed,1.3757899899505207e-05,6.467528221964898e-06,80,8065
F3_rf_90_d12_l2,forecast,fold_cv_fold_2,cv_fold_2,e_is_event_day,1.1477893161904407e-05,9.86016744939262e-07,81,8065
F3_rf_90_d12_l2,forecast,fold_cv_fold_2,cv_fold_2,e_has_football_kickoff,1.1123270385762103e-05,7.046255875872032e-06,82,8065
F3_rf_90_d12_l2,forecast,fold_cv_fold_2,cv_fold_2,e_n_concurrent_events_capped,1.048349588601782e-05,1.5544778084108231e-06,83,8065
F3_rf_90_d12_l2,forecast,fold_cv_fold_2,cv_fold_2,t_season__zomer,8.514081398501897e-06,-2.6838680425134487e-06,84,8065
F3_rf_90_d12_l2,forecast,fold_cv_fold_2,cv_fold_2,e_is_procession_day,8.149801080880756e-06,-3.2542136528390727e-07,85,8065
F3_rf_90_d12_l2,forecast,fold_cv_fold_2,cv_fold_2,e_is_high_wind_gust,7.791963843391298e-06,1.0193823404271477e-06,86,8065
F3_rf_90_d12_l2,forecast,fold_cv_fold_2,cv_fold_2,t_is_other_holiday,7.667548594194578e-06,2.1614937597485284e-06,87,8065
F3_rf_90_d12_l2,forecast,fold_cv_fold_2,cv_fold_2,e_is_markt_day,6.229926921691199e-06,2.6411072679645852e-06,88,8065
F3_rf_90_d12_l2,forecast,fold_cv_fold_2,cv_fold_2,e_int_precip_x_season__zomer,5.556663031115093e-06,4.730486762365221e-06,89,8065
F3_rf_90_d12_l2,forecast,fold_cv_fold_2,cv_fold_2,e_precip_bin__heavy,1.5467033429581914e-06,1.2556390511342736e-08,90,8065
F3_rf_90_d12_l2,forecast,fold_cv_fold_2,cv_fold_2,s_parking_id__p_maarten,0.0,0.0,91,8065
F3_rf_90_d12_l2,forecast,fold_cv_fold_2,cv_fold_2,s_parking_id__p_komet,0.0,0.0,92,8065
F3_rf_90_d12_l2,forecast,fold_cv_fold_3,cv_fold_3,l_occ_lag_1h,0.1802361620584155,0.04515213412162983,1,10000
F3_rf_90_d12_l2,forecast,fold_cv_fold_3,cv_fold_3,l_occ_lag_168h,0.023633093101173945,0.004473102354455117,2,10000
F3_rf_90_d12_l2,forecast,fold_cv_fold_3,cv_fold_3,l_occ_lag_24h,0.01763750985024434,0.0027205426808662955,3,10000
F3_rf_90_d12_l2,forecast,fold_cv_fold_3,cv_fold_3,t_hour_cos,0.005347989515568341,0.0010958836935390179,4,10000
F3_rf_90_d12_l2,forecast,fold_cv_fold_3,cv_fold_3,t_hour_sin,0.0038539493587350774,-0.0013634006100966508,5,10000
F3_rf_90_d12_l2,forecast,fold_cv_fold_3,cv_fold_3,s_log_total_capacity,0.002872624836776301,-0.0007725400962400437,6,10000
F3_rf_90_d12_l2,forecast,fold_cv_fold_3,cv_fold_3,s_parking_id__p_grote_markt,0.002746494543286843,-0.0015968120263600537,7,10000
F3_rf_90_d12_l2,forecast,fold_cv_fold_3,cv_fold_3,l_occ_lag_delta_1h_24h,0.0022725306086339857,0.0008236817000047212,8,10000
F3_rf_90_d12_l2,forecast,fold_cv_fold_3,cv_fold_3,s_capacity_bucket__medium,0.0013740083703186047,-3.590950239305612e-05,9,10000
F3_rf_90_d12_l2,forecast,fold_cv_fold_3,cv_fold_3,s_parking_id__p_tinel,0.001307502661818447,0.0004077929808066556,10,10000
F3_rf_90_d12_l2,forecast,fold_cv_fold_3,cv_fold_3,s_capacity_bucket__small,0.001070617041817279,0.0006831322479469437,11,10000
F3_rf_90_d12_l2,forecast,fold_cv_fold_3,cv_fold_3,e_sun_intensity_log1p,0.0010170425412388399,0.00014142284354444373,12,10000
F3_rf_90_d12_l2,forecast,fold_cv_fold_3,cv_fold_3,t_weekday_cos,0.0009566064229910388,-1.5579052422642986e-05,13,10000
F3_rf_90_d12_l2,forecast,fold_cv_fold_3,cv_fold_3,s_parking_id__p_kathedraal,0.0008807252744196534,0.00010941341049741276,14,10000
F3_rf_90_d12_l2,forecast,fold_cv_fold_3,cv_fold_3,t_weekday_sin,0.0008704419483113016,-8.78669548267339e-05,15,10000
F3_rf_90_d12_l2,forecast,fold_cv_fold_3,cv_fold_3,l_occ_lag_delta_24h_168h,0.0006898377243438279,7.829794667806596e-05,16,10000
F3_rf_90_d12_l2,forecast,fold_cv_fold_3,cv_fold_3,t_is_2020_regime,0.0005648578385466392,-0.00023223578688425083,17,10000
F3_rf_90_d12_l2,forecast,fold_cv_fold_3,cv_fold_3,t_month_sin,0.0004660260319048522,-6.927441176998657e-05,18,10000
F3_rf_90_d12_l2,forecast,fold_cv_fold_3,cv_fold_3,s_tier_is_centrum,0.00042013769146656934,0.0003276049050233187,19,10000
F3_rf_90_d12_l2,forecast,fold_cv_fold_3,cv_fold_3,s_tier_is_vesten,0.0003875340334884245,0.00020962088624935183,20,10000
F3_rf_90_d12_l2,forecast,fold_cv_fold_3,cv_fold_3,e_wind_gusts_ms,0.0003504756966756399,-6.205733096850001e-05,21,10000
F3_rf_90_d12_l2,forecast,fold_cv_fold_3,cv_fold_3,e_wind_speed_ms,0.0003460636497170717,-6.769584976287483e-05,22,10000
F3_rf_90_d12_l2,forecast,fold_cv_fold_3,cv_fold_3,e_temp_c_sq,0.0003405853744750369,6.641662396169812e-06,23,10000
F3_rf_90_d12_l2,forecast,fold_cv_fold_3,cv_fold_3,e_int_temp_x_season__winter,0.0003196067338892932,-7.214206908439565e-05,24,10000
F3_rf_90_d12_l2,forecast,fold_cv_fold_3,cv_fold_3,e_int_wind_x_season__winter,0.0002943056966967641,-9.96044360301535e-05,25,10000
F3_rf_90_d12_l2,forecast,fold_cv_fold_3,cv_fold_3,e_temp_c,0.0002938356068102566,3.547757914436119e-05,26,10000
F3_rf_90_d12_l2,forecast,fold_cv_fold_3,cv_fold_3,e_hours_since_event_clip,0.00024737612277750225,-2.3425043245628355e-05,27,10000
F3_rf_90_d12_l2,forecast,fold_cv_fold_3,cv_fold_3,e_int_temp_x_season__herfst,0.00023990421961281086,-5.329362990573318e-05,28,10000
F3_rf_90_d12_l2,forecast,fold_cv_fold_3,cv_fold_3,e_int_wind_x_season__herfst,0.00023797622519352072,1.6720899266169653e-05,29,10000
F3_rf_90_d12_l2,forecast,fold_cv_fold_3,cv_fold_3,t_month_cos,0.00022973957484999464,9.618905009694637e-06,30,10000
F3_rf_90_d12_l2,forecast,fold_cv_fold_3,cv_fold_3,s_parking_id__p_lamot,0.00022319201586933245,-0.00019421551395023485,31,10000
F3_rf_90_d12_l2,forecast,fold_cv_fold_3,cv_fold_3,e_int_temp_x_season__lente,0.000219661858210764,4.37861405501879e-05,32,10000
F3_rf_90_d12_l2,forecast,fold_cv_fold_3,cv_fold_3,e_hours_to_event_clip,0.00019943040350509824,-5.425693783328005e-05,33,10000
F3_rf_90_d12_l2,forecast,fold_cv_fold_3,cv_fold_3,e_event_proximity_clip,0.0001950246429574656,-2.0181257180452392e-05,34,10000
F3_rf_90_d12_l2,forecast,fold_cv_fold_3,cv_fold_3,t_day_class_5__weekday_regular,0.00019294885072863055,-7.5063777819937e-05,35,10000
F3_rf_90_d12_l2,forecast,fold_cv_fold_3,cv_fold_3,e_sun_duration_ratio,0.00019100724506743229,-1.1057298744687335e-05,36,10000
F3_rf_90_d12_l2,forecast,fold_cv_fold_3,cv_fold_3,e_int_wind_x_season__lente,0.00017047199535573065,2.1994207838257557e-05,37,10000
F3_rf_90_d12_l2,forecast,fold_cv_fold_3,cv_fold_3,t_is_weekend,0.00014960148615836548,-5.78611646714777e-06,38,10000
F3_rf_90_d12_l2,forecast,fold_cv_fold_3,cv_fold_3,t_day_class_5__weekend_regular,0.00012376380623271664,-5.189642356240869e-05,39,10000
F3_rf_90_d12_l2,forecast,fold_cv_fold_3,cv_fold_3,e_precip_mm,0.00010935234727231207,1.88510168625029e-05,40,10000
F3_rf_90_d12_l2,forecast,fold_cv_fold_3,cv_fold_3,t_is_school_vacation,9.907245859868752e-05,-2.4855085649085075e-05,41,10000
F3_rf_90_d12_l2,forecast,fold_cv_fold_3,cv_fold_3,s_parking_id__p_hoogstraat,9.30251719205512e-05,7.716521829006731e-05,42,10000
F3_rf_90_d12_l2,forecast,fold_cv_fold_3,cv_fold_3,e_int_wind_x_season__zomer,8.717753312462734e-05,1.3719989556945848e-05,43,10000
F3_rf_90_d12_l2,forecast,fold_cv_fold_3,cv_fold_3,e_int_precip_x_season__winter,8.553167465024498e-05,3.4022554002233134e-05,44,10000
F3_rf_90_d12_l2,forecast,fold_cv_fold_3,cv_fold_3,e_event_window_pre_24h,8.234536015183155e-05,7.308839346170537e-07,45,10000
F3_rf_90_d12_l2,forecast,fold_cv_fold_3,cv_fold_3,t_is_national_holiday,8.15148298152405e-05,-4.456146002486548e-06,46,10000
F3_rf_90_d12_l2,forecast,fold_cv_fold_3,cv_fold_3,e_int_vacation_x_tier_centrum,8.124381513395288e-05,-3.3675853236376584e-05,47,10000
F3_rf_90_d12_l2,forecast,fold_cv_fold_3,cv_fold_3,e_int_event_x_tier_centrum,8.005771329176155e-05,1.257100208232243e-05,48,10000
F3_rf_90_d12_l2,forecast,fold_cv_fold_3,cv_fold_3,e_event_window_post_24h,7.305985207555353e-05,9.614997021960998e-06,49,10000
F3_rf_90_d12_l2,forecast,fold_cv_fold_3,cv_fold_3,e_int_temp_x_season__zomer,7.173144265976219e-05,2.107408962157453e-06,50,10000
F3_rf_90_d12_l2,forecast,fold_cv_fold_3,cv_fold_3,e_int_precip_x_season__herfst,6.344696240337679e-05,1.4138334128385061e-05,51,10000
F3_rf_90_d12_l2,forecast,fold_cv_fold_3,cv_fold_3,t_day_class_5__school_vacation,5.38088074140599e-05,-1.7634530305937517e-05,52,10000
F3_rf_90_d12_l2,forecast,fold_cv_fold_3,cv_fold_3,s_parking_id__p_bruul,5.376538131587224e-05,3.355648634897638e-05,53,10000
F3_rf_90_d12_l2,forecast,fold_cv_fold_3,cv_fold_3,e_int_precip_x_season__lente,5.164245461082061e-05,-1.1437470778047297e-06,54,10000
F3_rf_90_d12_l2,forecast,fold_cv_fold_3,cv_fold_3,t_season__winter,4.876795945705664e-05,-2.2016097060184922e-05,55,10000
F3_rf_90_d12_l2,forecast,fold_cv_fold_3,cv_fold_3,e_is_festival_day,4.773846898726512e-05,-1.3372785680723523e-05,56,10000
F3_rf_90_d12_l2,forecast,fold_cv_fold_3,cv_fold_3,e_n_concurrent_events,3.8640552733399946e-05,-2.1024636542529245e-05,57,10000
F3_rf_90_d12_l2,forecast,fold_cv_fold_3,cv_fold_3,e_football_kickoff_hour_sin,3.508634823109701e-05,-2.7641450287372806e-06,58,10000
F3_rf_90_d12_l2,forecast,fold_cv_fold_3,cv_fold_3,s_capacity_bucket__large,3.463463428952244e-05,1.8115224951355695e-05,59,10000
F3_rf_90_d12_l2,forecast,fold_cv_fold_3,cv_fold_3,e_event_scale_max,3.378752876163549e-05,-4.07622222691345e-06,60,10000
F3_rf_90_d12_l2,forecast,fold_cv_fold_3,cv_fold_3,e_precip_bin__light,3.376438165807214e-05,-2.4550834039896063e-05,61,10000
F3_rf_90_d12_l2,forecast,fold_cv_fold_3,cv_fold_3,e_is_kermis_day,3.128050781396797e-05,5.7480013829789016e-06,62,10000
F3_rf_90_d12_l2,forecast,fold_cv_fold_3,cv_fold_3,e_is_other_day,2.3416618331478258e-05,-4.7682428278759106e-07,63,10000
F3_rf_90_d12_l2,forecast,fold_cv_fold_3,cv_fold_3,t_is_any_holiday,2.319929121349832e-05,2.3038049978536043e-06,64,10000
F3_rf_90_d12_l2,forecast,fold_cv_fold_3,cv_fold_3,e_event_scale_is_large,2.301459699038615e-05,-2.061334194623329e-06,65,10000
F3_rf_90_d12_l2,forecast,fold_cv_fold_3,cv_fold_3,t_day_class_5__holiday,2.2856452632005762e-05,-1.3312970838777467e-05,66,10000
F3_rf_90_d12_l2,forecast,fold_cv_fold_3,cv_fold_3,e_football_kickoff_hour_cos,2.2282451446168576e-05,-4.3246270500562275e-06,67,10000
F3_rf_90_d12_l2,forecast,fold_cv_fold_3,cv_fold_3,t_season__lente,2.1313458200089223e-05,-9.879768192735154e-07,68,10000
F3_rf_90_d12_l2,forecast,fold_cv_fold_3,cv_fold_3,s_parking_id__p_keerdok,2.1020944103048146e-05,-1.8790273456132397e-05,69,10000
F3_rf_90_d12_l2,forecast,fold_cv_fold_3,cv_fold_3,t_season__herfst,1.9982386546335098e-05,-3.4425444299773703e-06,70,10000
F3_rf_90_d12_l2,forecast,fold_cv_fold_3,cv_fold_3,e_is_football_day,1.943725500515571e-05,3.742769788847336e-06,71,10000
F3_rf_90_d12_l2,forecast,fold_cv_fold_3,cv_fold_3,e_is_high_wind_speed,1.9171921915262338e-05,-1.3877840914658612e-05,72,10000
F3_rf_90_d12_l2,forecast,fold_cv_fold_3,cv_fold_3,e_n_concurrent_events_capped,1.9077670820697402e-05,-9.449000077212307e-06,73,10000
F3_rf_90_d12_l2,forecast,fold_cv_fold_3,cv_fold_3,e_precip_bin__dry,1.8671565781540726e-05,-2.573833750613187e-06,74,10000
F3_rf_90_d12_l2,forecast,fold_cv_fold_3,cv_fold_3,e_int_holiday_x_tier_centrum,1.8468622707022404e-05,-1.9155937565483333e-06,75,10000
F3_rf_90_d12_l2,forecast,fold_cv_fold_3,cv_fold_3,e_is_sport_day,1.8212479080619998e-05,1.9351894119662316e-06,76,10000
F3_rf_90_d12_l2,forecast,fold_cv_fold_3,cv_fold_3,e_has_football_kickoff,1.8045557573817914e-05,3.712841807804547e-06,77,10000
F3_rf_90_d12_l2,forecast,fold_cv_fold_3,cv_fold_3,t_season__zomer,1.772066943289095e-05,-2.7047414144442463e-07,78,10000
F3_rf_90_d12_l2,forecast,fold_cv_fold_3,cv_fold_3,e_precip_bin__moderate,1.7505265861883658e-05,-3.4162324334774875e-06,79,10000
F3_rf_90_d12_l2,forecast,fold_cv_fold_3,cv_fold_3,s_tier_is_rand,1.6595583348381955e-05,-1.2202060582111049e-05,80,10000
F3_rf_90_d12_l2,forecast,fold_cv_fold_3,cv_fold_3,t_is_other_holiday,1.538853865337193e-05,-4.622114996328707e-07,81,10000
F3_rf_90_d12_l2,forecast,fold_cv_fold_3,cv_fold_3,e_is_procession_day,1.2574240255797797e-05,1.5557724411671879e-06,82,10000
F3_rf_90_d12_l2,forecast,fold_cv_fold_3,cv_fold_3,s_parking_id__p_maarten,1.1052524308053296e-05,-9.728299015438545e-06,83,10000
F3_rf_90_d12_l2,forecast,fold_cv_fold_3,cv_fold_3,e_is_high_wind_gust,1.100390061386667e-05,-5.5307740965369135e-06,84,10000
F3_rf_90_d12_l2,forecast,fold_cv_fold_3,cv_fold_3,e_is_carnival_day,1.0512192279815507e-05,-5.250197477347453e-06,85,10000
F3_rf_90_d12_l2,forecast,fold_cv_fold_3,cv_fold_3,t_day_class_5__event_day,9.14626872981704e-06,2.518823196034987e-06,86,10000
F3_rf_90_d12_l2,forecast,fold_cv_fold_3,cv_fold_3,e_is_markt_day,8.213701832341201e-06,-4.1278540984879393e-07,87,10000
F3_rf_90_d12_l2,forecast,fold_cv_fold_3,cv_fold_3,e_precip_bin__heavy,6.316163679488013e-06,-9.348480308515478e-07,88,10000
F3_rf_90_d12_l2,forecast,fold_cv_fold_3,cv_fold_3,s_parking_id__p_komet,5.481534682246072e-06,3.2341456680242105e-06,89,10000
F3_rf_90_d12_l2,forecast,fold_cv_fold_3,cv_fold_3,e_is_event_day,5.3327430526454684e-06,-9.511239619836306e-07,90,10000
F3_rf_90_d12_l2,forecast,fold_cv_fold_3,cv_fold_3,e_int_precip_x_season__zomer,5.011701127727222e-06,1.7512700072671553e-06,91,10000
F3_rf_90_d12_l2,forecast,fold_cv_fold_3,cv_fold_3,s_parking_id__p_veemarkt,0.0,0.0,92,10000
